INFO 2026-02-16 18:49:33,099 autoreload Watching for file changes with StatReloader
INFO 2026-02-16 18:56:50,566 autoreload C:\Users\legion\Desktop\compliancehub\backend\config\settings.py changed, reloading.
INFO 2026-02-16 18:56:51,411 autoreload Watching for file changes with StatReloader
WARNING 2026-02-16 18:57:02,784 log Not Found: /
WARNING 2026-02-16 18:57:02,785 basehttp "GET / HTTP/1.1" 404 3479
WARNING 2026-02-16 18:57:02,972 log Not Found: /favicon.ico
WARNING 2026-02-16 18:57:02,973 basehttp "GET /favicon.ico HTTP/1.1" 404 3530
INFO 2026-02-16 18:57:43,859 autoreload Watching for file changes with StatReloader
WARNING 2026-02-16 18:57:46,478 log Not Found: /
WARNING 2026-02-16 18:57:46,479 basehttp "GET / HTTP/1.1" 404 3479
WARNING 2026-02-16 18:57:46,669 log Not Found: /favicon.ico
WARNING 2026-02-16 18:57:46,670 basehttp "GET /favicon.ico HTTP/1.1" 404 3530
INFO 2026-02-16 18:57:57,001 middleware GET /api/docs - 404
INFO 2026-02-16 18:57:57,003 basehttp "GET /api/docs HTTP/1.1" 301 0
INFO 2026-02-16 18:57:57,153 middleware GET /api/docs/ - 200
INFO 2026-02-16 18:57:57,154 basehttp "GET /api/docs/ HTTP/1.1" 200 4472
ERROR 2026-02-16 18:57:58,111 log Internal Server Error: /api/schema/
Traceback (most recent call last):
  File "C:\Users\legion\Desktop\compliancehub\backend\venv\Lib\site-packages\django\core\handlers\exception.py", line 55, in inner
    response = get_response(request)
               ^^^^^^^^^^^^^^^^^^^^^
  File "C:\Users\legion\Desktop\compliancehub\backend\venv\Lib\site-packages\django\core\handlers\base.py", line 197, in _get_response
    response = wrapped_callback(request, *callback_args, **callback_kwargs)
               ^^^^^^^^^^^^^^^^^^^^^^^^^^^^^^^^^^^^^^^^^^^^^^^^^^^^^^^^^^^^
  File "C:\Python311\Lib\contextlib.py", line 81, in inner
    return func(*args, **kwds)
           ^^^^^^^^^^^^^^^^^^^
  File "C:\Users\legion\Desktop\compliancehub\backend\venv\Lib\site-packages\django\views\decorators\csrf.py", line 56, in wrapper_view
    return view_func(*args, **kwargs)
           ^^^^^^^^^^^^^^^^^^^^^^^^^^
  File "C:\Users\legion\Desktop\compliancehub\backend\venv\Lib\site-packages\django\views\generic\base.py", line 104, in view
    return self.dispatch(request, *args, **kwargs)
           ^^^^^^^^^^^^^^^^^^^^^^^^^^^^^^^^^^^^^^^
  File "C:\Users\legion\Desktop\compliancehub\backend\venv\Lib\site-packages\rest_framework\views.py", line 509, in dispatch
    response = self.handle_exception(exc)
               ^^^^^^^^^^^^^^^^^^^^^^^^^^
  File "C:\Users\legion\Desktop\compliancehub\backend\venv\Lib\site-packages\rest_framework\views.py", line 469, in handle_exception
    self.raise_uncaught_exception(exc)
  File "C:\Users\legion\Desktop\compliancehub\backend\venv\Lib\site-packages\rest_framework\views.py", line 480, in raise_uncaught_exception
    raise exc
  File "C:\Users\legion\Desktop\compliancehub\backend\venv\Lib\site-packages\rest_framework\views.py", line 506, in dispatch
    response = handler(request, *args, **kwargs)
               ^^^^^^^^^^^^^^^^^^^^^^^^^^^^^^^^^
  File "C:\Users\legion\Desktop\compliancehub\backend\venv\Lib\site-packages\drf_spectacular\views.py", line 84, in get
    return self._get_schema_response(request)
           ^^^^^^^^^^^^^^^^^^^^^^^^^^^^^^^^^^
  File "C:\Users\legion\Desktop\compliancehub\backend\venv\Lib\site-packages\drf_spectacular\views.py", line 92, in _get_schema_response
    data=generator.get_schema(request=request, public=self.serve_public),
         ^^^^^^^^^^^^^^^^^^^^^^^^^^^^^^^^^^^^^^^^^^^^^^^^^^^^^^^^^^^^^^^
  File "C:\Users\legion\Desktop\compliancehub\backend\venv\Lib\site-packages\drf_spectacular\generators.py", line 281, in get_schema
    paths=self.parse(request, public),
          ^^^^^^^^^^^^^^^^^^^^^^^^^^^
  File "C:\Users\legion\Desktop\compliancehub\backend\venv\Lib\site-packages\drf_spectacular\generators.py", line 252, in parse
    operation = view.schema.get_operation(
                ^^^^^^^^^^^^^^^^^^^^^^^^^^
  File "C:\Users\legion\Desktop\compliancehub\backend\venv\Lib\site-packages\drf_spectacular\openapi.py", line 111, in get_operation
    operation['responses'] = self._get_response_bodies()
                             ^^^^^^^^^^^^^^^^^^^^^^^^^^^
  File "C:\Users\legion\Desktop\compliancehub\backend\venv\Lib\site-packages\drf_spectacular\openapi.py", line 1367, in _get_response_bodies
    return {'200': self._get_response_for_code(response_serializers, '200', direction=direction)}
                   ^^^^^^^^^^^^^^^^^^^^^^^^^^^^^^^^^^^^^^^^^^^^^^^^^^^^^^^^^^^^^^^^^^^^^^^^^^^^^
  File "C:\Users\legion\Desktop\compliancehub\backend\venv\Lib\site-packages\drf_spectacular\openapi.py", line 1423, in _get_response_for_code
    component = self.resolve_serializer(serializer, direction)
                ^^^^^^^^^^^^^^^^^^^^^^^^^^^^^^^^^^^^^^^^^^^^^^
  File "C:\Users\legion\Desktop\compliancehub\backend\venv\Lib\site-packages\drf_spectacular\openapi.py", line 1605, in resolve_serializer
    component.schema = self._map_serializer(serializer, direction, bypass_extensions)
                       ^^^^^^^^^^^^^^^^^^^^^^^^^^^^^^^^^^^^^^^^^^^^^^^^^^^^^^^^^^^^^^
  File "C:\Users\legion\Desktop\compliancehub\backend\venv\Lib\site-packages\drf_spectacular\openapi.py", line 927, in _map_serializer
    schema = self._map_basic_serializer(serializer, direction)
             ^^^^^^^^^^^^^^^^^^^^^^^^^^^^^^^^^^^^^^^^^^^^^^^^^
  File "C:\Users\legion\Desktop\compliancehub\backend\venv\Lib\site-packages\drf_spectacular\openapi.py", line 1020, in _map_basic_serializer
    for field in serializer.fields.values():
                 ^^^^^^^^^^^^^^^^^
  File "C:\Users\legion\Desktop\compliancehub\backend\venv\Lib\site-packages\django\utils\functional.py", line 57, in __get__
    res = instance.__dict__[self.name] = self.func(instance)
                                         ^^^^^^^^^^^^^^^^^^^
  File "C:\Users\legion\Desktop\compliancehub\backend\venv\Lib\site-packages\rest_framework\serializers.py", line 356, in fields
    for key, value in self.get_fields().items():
                      ^^^^^^^^^^^^^^^^^
  File "C:\Users\legion\Desktop\compliancehub\backend\venv\Lib\site-packages\rest_framework\serializers.py", line 1076, in get_fields
    field_class, field_kwargs = self.build_field(
                                ^^^^^^^^^^^^^^^^^
  File "C:\Users\legion\Desktop\compliancehub\backend\venv\Lib\site-packages\rest_framework\serializers.py", line 1222, in build_field
    return self.build_unknown_field(field_name, model_class)
           ^^^^^^^^^^^^^^^^^^^^^^^^^^^^^^^^^^^^^^^^^^^^^^^^^
  File "C:\Users\legion\Desktop\compliancehub\backend\venv\Lib\site-packages\rest_framework\serializers.py", line 1340, in build_unknown_field
    raise ImproperlyConfigured(
django.core.exceptions.ImproperlyConfigured: Field name `gap_count` is not valid for model `ComplianceResult`.
INFO 2026-02-16 18:57:58,116 middleware GET /api/schema/ - 500
ERROR 2026-02-16 18:57:58,117 basehttp "GET /api/schema/ HTTP/1.1" 500 203675
ERROR 2026-02-16 18:57:58,250 log Internal Server Error: /api/schema/
Traceback (most recent call last):
  File "C:\Users\legion\Desktop\compliancehub\backend\venv\Lib\site-packages\django\core\handlers\exception.py", line 55, in inner
    response = get_response(request)
               ^^^^^^^^^^^^^^^^^^^^^
  File "C:\Users\legion\Desktop\compliancehub\backend\venv\Lib\site-packages\django\core\handlers\base.py", line 197, in _get_response
    response = wrapped_callback(request, *callback_args, **callback_kwargs)
               ^^^^^^^^^^^^^^^^^^^^^^^^^^^^^^^^^^^^^^^^^^^^^^^^^^^^^^^^^^^^
  File "C:\Python311\Lib\contextlib.py", line 81, in inner
    return func(*args, **kwds)
           ^^^^^^^^^^^^^^^^^^^
  File "C:\Users\legion\Desktop\compliancehub\backend\venv\Lib\site-packages\django\views\decorators\csrf.py", line 56, in wrapper_view
    return view_func(*args, **kwargs)
           ^^^^^^^^^^^^^^^^^^^^^^^^^^
  File "C:\Users\legion\Desktop\compliancehub\backend\venv\Lib\site-packages\django\views\generic\base.py", line 104, in view
    return self.dispatch(request, *args, **kwargs)
           ^^^^^^^^^^^^^^^^^^^^^^^^^^^^^^^^^^^^^^^
  File "C:\Users\legion\Desktop\compliancehub\backend\venv\Lib\site-packages\rest_framework\views.py", line 509, in dispatch
    response = self.handle_exception(exc)
               ^^^^^^^^^^^^^^^^^^^^^^^^^^
  File "C:\Users\legion\Desktop\compliancehub\backend\venv\Lib\site-packages\rest_framework\views.py", line 469, in handle_exception
    self.raise_uncaught_exception(exc)
  File "C:\Users\legion\Desktop\compliancehub\backend\venv\Lib\site-packages\rest_framework\views.py", line 480, in raise_uncaught_exception
    raise exc
  File "C:\Users\legion\Desktop\compliancehub\backend\venv\Lib\site-packages\rest_framework\views.py", line 506, in dispatch
    response = handler(request, *args, **kwargs)
               ^^^^^^^^^^^^^^^^^^^^^^^^^^^^^^^^^
  File "C:\Users\legion\Desktop\compliancehub\backend\venv\Lib\site-packages\drf_spectacular\views.py", line 84, in get
    return self._get_schema_response(request)
           ^^^^^^^^^^^^^^^^^^^^^^^^^^^^^^^^^^
  File "C:\Users\legion\Desktop\compliancehub\backend\venv\Lib\site-packages\drf_spectacular\views.py", line 92, in _get_schema_response
    data=generator.get_schema(request=request, public=self.serve_public),
         ^^^^^^^^^^^^^^^^^^^^^^^^^^^^^^^^^^^^^^^^^^^^^^^^^^^^^^^^^^^^^^^
  File "C:\Users\legion\Desktop\compliancehub\backend\venv\Lib\site-packages\drf_spectacular\generators.py", line 281, in get_schema
    paths=self.parse(request, public),
          ^^^^^^^^^^^^^^^^^^^^^^^^^^^
  File "C:\Users\legion\Desktop\compliancehub\backend\venv\Lib\site-packages\drf_spectacular\generators.py", line 252, in parse
    operation = view.schema.get_operation(
                ^^^^^^^^^^^^^^^^^^^^^^^^^^
  File "C:\Users\legion\Desktop\compliancehub\backend\venv\Lib\site-packages\drf_spectacular\openapi.py", line 111, in get_operation
    operation['responses'] = self._get_response_bodies()
                             ^^^^^^^^^^^^^^^^^^^^^^^^^^^
  File "C:\Users\legion\Desktop\compliancehub\backend\venv\Lib\site-packages\drf_spectacular\openapi.py", line 1367, in _get_response_bodies
    return {'200': self._get_response_for_code(response_serializers, '200', direction=direction)}
                   ^^^^^^^^^^^^^^^^^^^^^^^^^^^^^^^^^^^^^^^^^^^^^^^^^^^^^^^^^^^^^^^^^^^^^^^^^^^^^
  File "C:\Users\legion\Desktop\compliancehub\backend\venv\Lib\site-packages\drf_spectacular\openapi.py", line 1423, in _get_response_for_code
    component = self.resolve_serializer(serializer, direction)
                ^^^^^^^^^^^^^^^^^^^^^^^^^^^^^^^^^^^^^^^^^^^^^^
  File "C:\Users\legion\Desktop\compliancehub\backend\venv\Lib\site-packages\drf_spectacular\openapi.py", line 1605, in resolve_serializer
    component.schema = self._map_serializer(serializer, direction, bypass_extensions)
                       ^^^^^^^^^^^^^^^^^^^^^^^^^^^^^^^^^^^^^^^^^^^^^^^^^^^^^^^^^^^^^^
  File "C:\Users\legion\Desktop\compliancehub\backend\venv\Lib\site-packages\drf_spectacular\openapi.py", line 927, in _map_serializer
    schema = self._map_basic_serializer(serializer, direction)
             ^^^^^^^^^^^^^^^^^^^^^^^^^^^^^^^^^^^^^^^^^^^^^^^^^
  File "C:\Users\legion\Desktop\compliancehub\backend\venv\Lib\site-packages\drf_spectacular\openapi.py", line 1020, in _map_basic_serializer
    for field in serializer.fields.values():
                 ^^^^^^^^^^^^^^^^^
  File "C:\Users\legion\Desktop\compliancehub\backend\venv\Lib\site-packages\django\utils\functional.py", line 57, in __get__
    res = instance.__dict__[self.name] = self.func(instance)
                                         ^^^^^^^^^^^^^^^^^^^
  File "C:\Users\legion\Desktop\compliancehub\backend\venv\Lib\site-packages\rest_framework\serializers.py", line 356, in fields
    for key, value in self.get_fields().items():
                      ^^^^^^^^^^^^^^^^^
  File "C:\Users\legion\Desktop\compliancehub\backend\venv\Lib\site-packages\rest_framework\serializers.py", line 1076, in get_fields
    field_class, field_kwargs = self.build_field(
                                ^^^^^^^^^^^^^^^^^
  File "C:\Users\legion\Desktop\compliancehub\backend\venv\Lib\site-packages\rest_framework\serializers.py", line 1222, in build_field
    return self.build_unknown_field(field_name, model_class)
           ^^^^^^^^^^^^^^^^^^^^^^^^^^^^^^^^^^^^^^^^^^^^^^^^^
  File "C:\Users\legion\Desktop\compliancehub\backend\venv\Lib\site-packages\rest_framework\serializers.py", line 1340, in build_unknown_field
    raise ImproperlyConfigured(
django.core.exceptions.ImproperlyConfigured: Field name `gap_count` is not valid for model `ComplianceResult`.
INFO 2026-02-16 18:57:58,253 middleware GET /api/schema/ - 500
ERROR 2026-02-16 18:57:58,254 basehttp "GET /api/schema/ HTTP/1.1" 500 203675
INFO 2026-02-16 18:58:12,725 middleware GET /api/schema - 404
INFO 2026-02-16 18:58:12,726 basehttp "GET /api/schema HTTP/1.1" 301 0
ERROR 2026-02-16 18:58:12,893 log Internal Server Error: /api/schema/
Traceback (most recent call last):
  File "C:\Users\legion\Desktop\compliancehub\backend\venv\Lib\site-packages\django\core\handlers\exception.py", line 55, in inner
    response = get_response(request)
               ^^^^^^^^^^^^^^^^^^^^^
  File "C:\Users\legion\Desktop\compliancehub\backend\venv\Lib\site-packages\django\core\handlers\base.py", line 197, in _get_response
    response = wrapped_callback(request, *callback_args, **callback_kwargs)
               ^^^^^^^^^^^^^^^^^^^^^^^^^^^^^^^^^^^^^^^^^^^^^^^^^^^^^^^^^^^^
  File "C:\Python311\Lib\contextlib.py", line 81, in inner
    return func(*args, **kwds)
           ^^^^^^^^^^^^^^^^^^^
  File "C:\Users\legion\Desktop\compliancehub\backend\venv\Lib\site-packages\django\views\decorators\csrf.py", line 56, in wrapper_view
    return view_func(*args, **kwargs)
           ^^^^^^^^^^^^^^^^^^^^^^^^^^
  File "C:\Users\legion\Desktop\compliancehub\backend\venv\Lib\site-packages\django\views\generic\base.py", line 104, in view
    return self.dispatch(request, *args, **kwargs)
           ^^^^^^^^^^^^^^^^^^^^^^^^^^^^^^^^^^^^^^^
  File "C:\Users\legion\Desktop\compliancehub\backend\venv\Lib\site-packages\rest_framework\views.py", line 509, in dispatch
    response = self.handle_exception(exc)
               ^^^^^^^^^^^^^^^^^^^^^^^^^^
  File "C:\Users\legion\Desktop\compliancehub\backend\venv\Lib\site-packages\rest_framework\views.py", line 469, in handle_exception
    self.raise_uncaught_exception(exc)
  File "C:\Users\legion\Desktop\compliancehub\backend\venv\Lib\site-packages\rest_framework\views.py", line 480, in raise_uncaught_exception
    raise exc
  File "C:\Users\legion\Desktop\compliancehub\backend\venv\Lib\site-packages\rest_framework\views.py", line 506, in dispatch
    response = handler(request, *args, **kwargs)
               ^^^^^^^^^^^^^^^^^^^^^^^^^^^^^^^^^
  File "C:\Users\legion\Desktop\compliancehub\backend\venv\Lib\site-packages\drf_spectacular\views.py", line 84, in get
    return self._get_schema_response(request)
           ^^^^^^^^^^^^^^^^^^^^^^^^^^^^^^^^^^
  File "C:\Users\legion\Desktop\compliancehub\backend\venv\Lib\site-packages\drf_spectacular\views.py", line 92, in _get_schema_response
    data=generator.get_schema(request=request, public=self.serve_public),
         ^^^^^^^^^^^^^^^^^^^^^^^^^^^^^^^^^^^^^^^^^^^^^^^^^^^^^^^^^^^^^^^
  File "C:\Users\legion\Desktop\compliancehub\backend\venv\Lib\site-packages\drf_spectacular\generators.py", line 281, in get_schema
    paths=self.parse(request, public),
          ^^^^^^^^^^^^^^^^^^^^^^^^^^^
  File "C:\Users\legion\Desktop\compliancehub\backend\venv\Lib\site-packages\drf_spectacular\generators.py", line 252, in parse
    operation = view.schema.get_operation(
                ^^^^^^^^^^^^^^^^^^^^^^^^^^
  File "C:\Users\legion\Desktop\compliancehub\backend\venv\Lib\site-packages\drf_spectacular\openapi.py", line 111, in get_operation
    operation['responses'] = self._get_response_bodies()
                             ^^^^^^^^^^^^^^^^^^^^^^^^^^^
  File "C:\Users\legion\Desktop\compliancehub\backend\venv\Lib\site-packages\drf_spectacular\openapi.py", line 1367, in _get_response_bodies
    return {'200': self._get_response_for_code(response_serializers, '200', direction=direction)}
                   ^^^^^^^^^^^^^^^^^^^^^^^^^^^^^^^^^^^^^^^^^^^^^^^^^^^^^^^^^^^^^^^^^^^^^^^^^^^^^
  File "C:\Users\legion\Desktop\compliancehub\backend\venv\Lib\site-packages\drf_spectacular\openapi.py", line 1423, in _get_response_for_code
    component = self.resolve_serializer(serializer, direction)
                ^^^^^^^^^^^^^^^^^^^^^^^^^^^^^^^^^^^^^^^^^^^^^^
  File "C:\Users\legion\Desktop\compliancehub\backend\venv\Lib\site-packages\drf_spectacular\openapi.py", line 1605, in resolve_serializer
    component.schema = self._map_serializer(serializer, direction, bypass_extensions)
                       ^^^^^^^^^^^^^^^^^^^^^^^^^^^^^^^^^^^^^^^^^^^^^^^^^^^^^^^^^^^^^^
  File "C:\Users\legion\Desktop\compliancehub\backend\venv\Lib\site-packages\drf_spectacular\openapi.py", line 927, in _map_serializer
    schema = self._map_basic_serializer(serializer, direction)
             ^^^^^^^^^^^^^^^^^^^^^^^^^^^^^^^^^^^^^^^^^^^^^^^^^
  File "C:\Users\legion\Desktop\compliancehub\backend\venv\Lib\site-packages\drf_spectacular\openapi.py", line 1020, in _map_basic_serializer
    for field in serializer.fields.values():
                 ^^^^^^^^^^^^^^^^^
  File "C:\Users\legion\Desktop\compliancehub\backend\venv\Lib\site-packages\django\utils\functional.py", line 57, in __get__
    res = instance.__dict__[self.name] = self.func(instance)
                                         ^^^^^^^^^^^^^^^^^^^
  File "C:\Users\legion\Desktop\compliancehub\backend\venv\Lib\site-packages\rest_framework\serializers.py", line 356, in fields
    for key, value in self.get_fields().items():
                      ^^^^^^^^^^^^^^^^^
  File "C:\Users\legion\Desktop\compliancehub\backend\venv\Lib\site-packages\rest_framework\serializers.py", line 1076, in get_fields
    field_class, field_kwargs = self.build_field(
                                ^^^^^^^^^^^^^^^^^
  File "C:\Users\legion\Desktop\compliancehub\backend\venv\Lib\site-packages\rest_framework\serializers.py", line 1222, in build_field
    return self.build_unknown_field(field_name, model_class)
           ^^^^^^^^^^^^^^^^^^^^^^^^^^^^^^^^^^^^^^^^^^^^^^^^^
  File "C:\Users\legion\Desktop\compliancehub\backend\venv\Lib\site-packages\rest_framework\serializers.py", line 1340, in build_unknown_field
    raise ImproperlyConfigured(
django.core.exceptions.ImproperlyConfigured: Field name `gap_count` is not valid for model `ComplianceResult`.
INFO 2026-02-16 18:58:12,896 middleware GET /api/schema/ - 500
ERROR 2026-02-16 18:58:12,897 basehttp "GET /api/schema/ HTTP/1.1" 500 203909
INFO 2026-02-16 18:59:05,758 middleware GET /api/controls - 404
INFO 2026-02-16 18:59:05,759 basehttp "GET /api/controls HTTP/1.1" 301 0
INFO 2026-02-16 18:59:05,888 middleware GET /api/controls/ - 401
WARNING 2026-02-16 18:59:05,888 log Unauthorized: /api/controls/
WARNING 2026-02-16 18:59:05,889 basehttp "GET /api/controls/ HTTP/1.1" 401 5087
INFO 2026-02-16 18:59:06,434 basehttp "GET /static/rest_framework/css/default.css HTTP/1.1" 200 1152
INFO 2026-02-16 18:59:06,447 basehttp "GET /static/rest_framework/css/prettify.css HTTP/1.1" 200 817
INFO 2026-02-16 18:59:06,466 basehttp "GET /static/rest_framework/js/csrf.js HTTP/1.1" 200 1719
INFO 2026-02-16 18:59:06,474 basehttp "GET /static/rest_framework/css/bootstrap-tweaks.css HTTP/1.1" 200 3385
INFO 2026-02-16 18:59:06,474 basehttp "GET /static/rest_framework/css/bootstrap.min.css HTTP/1.1" 200 121457
INFO 2026-02-16 18:59:06,494 basehttp "GET /static/rest_framework/js/ajax-form.js HTTP/1.1" 200 3597
INFO 2026-02-16 18:59:06,496 basehttp "GET /static/rest_framework/img/grid.png HTTP/1.1" 200 1458
INFO 2026-02-16 18:59:06,506 basehttp "GET /static/rest_framework/js/default.js HTTP/1.1" 200 1268
INFO 2026-02-16 18:59:06,513 basehttp "GET /static/rest_framework/js/bootstrap.min.js HTTP/1.1" 200 39680
INFO 2026-02-16 18:59:06,519 basehttp "GET /static/rest_framework/js/prettify-min.js HTTP/1.1" 200 13632
INFO 2026-02-16 18:59:06,547 basehttp "GET /static/rest_framework/js/jquery-3.5.1.min.js HTTP/1.1" 200 89476
INFO 2026-02-16 18:59:16,323 basehttp "GET /admin/ HTTP/1.1" 302 0
INFO 2026-02-16 18:59:16,443 basehttp "GET /admin/login/?next=/admin/ HTTP/1.1" 200 4183
INFO 2026-02-16 18:59:16,484 basehttp "GET /static/admin/css/login.css HTTP/1.1" 200 958
INFO 2026-02-16 18:59:16,485 basehttp "GET /static/admin/css/dark_mode.css HTTP/1.1" 200 2929
INFO 2026-02-16 18:59:16,486 basehttp "GET /static/admin/css/nav_sidebar.css HTTP/1.1" 200 2694
INFO 2026-02-16 18:59:16,487 basehttp "GET /static/admin/css/base.css HTTP/1.1" 200 21310
INFO 2026-02-16 18:59:16,490 basehttp "GET /static/admin/css/responsive.css HTTP/1.1" 200 18559
INFO 2026-02-16 18:59:16,502 basehttp "GET /static/admin/js/theme.js HTTP/1.1" 200 1943
INFO 2026-02-16 18:59:16,513 basehttp "GET /static/admin/js/nav_sidebar.js HTTP/1.1" 200 3063
INFO 2026-02-16 18:59:42,154 basehttp "POST /admin/login/?next=/admin/ HTTP/1.1" 200 4344
INFO 2026-02-16 19:01:21,296 autoreload Watching for file changes with StatReloader
INFO 2026-02-16 19:01:30,512 basehttp "POST /admin/login/?next=/admin/ HTTP/1.1" 302 0
INFO 2026-02-16 19:01:30,722 basehttp "GET /admin/ HTTP/1.1" 200 13963
INFO 2026-02-16 19:01:30,945 basehttp "GET /static/admin/css/dashboard.css HTTP/1.1" 200 441
INFO 2026-02-16 19:01:30,967 basehttp "GET /static/admin/img/icon-addlink.svg HTTP/1.1" 200 331
INFO 2026-02-16 19:01:30,970 basehttp "GET /static/admin/img/icon-changelink.svg HTTP/1.1" 200 380
INFO 2026-02-16 19:01:39,657 basehttp "GET /admin/compliance/compliancegap/ HTTP/1.1" 200 15109
INFO 2026-02-16 19:01:39,709 basehttp "GET /static/admin/css/changelists.css HTTP/1.1" 200 6566
INFO 2026-02-16 19:01:39,720 basehttp "GET /admin/jsi18n/ HTTP/1.1" 200 3343
INFO 2026-02-16 19:01:39,731 basehttp "GET /static/admin/js/jquery.init.js HTTP/1.1" 200 347
INFO 2026-02-16 19:01:39,752 basehttp "GET /static/admin/js/core.js HTTP/1.1" 200 5682
INFO 2026-02-16 19:01:39,758 basehttp "GET /static/admin/js/admin/RelatedObjectLookups.js HTTP/1.1" 200 8943
INFO 2026-02-16 19:01:39,764 basehttp "GET /static/admin/js/actions.js HTTP/1.1" 200 7872
INFO 2026-02-16 19:01:39,765 basehttp "GET /static/admin/js/prepopulate.js HTTP/1.1" 200 1531
INFO 2026-02-16 19:01:39,768 basehttp "GET /static/admin/js/urlify.js HTTP/1.1" 200 7887
INFO 2026-02-16 19:01:39,782 basehttp "GET /static/admin/img/search.svg HTTP/1.1" 200 458
INFO 2026-02-16 19:01:39,833 basehttp "GET /static/admin/js/vendor/jquery/jquery.js HTTP/1.1" 200 292458
INFO 2026-02-16 19:01:39,864 basehttp "GET /static/admin/js/filters.js HTTP/1.1" 200 978
INFO 2026-02-16 19:01:39,874 basehttp "GET /static/admin/js/vendor/xregexp/xregexp.js HTTP/1.1" 200 232381
INFO 2026-02-16 19:01:39,907 basehttp "GET /static/admin/img/tooltag-add.svg HTTP/1.1" 200 331
INFO 2026-02-16 19:01:47,093 basehttp "GET /admin/ HTTP/1.1" 200 13963
INFO 2026-02-16 19:01:49,974 basehttp "GET /admin/compliance/compliancegap/add/ HTTP/1.1" 200 26071
INFO 2026-02-16 19:01:50,026 basehttp "GET /static/admin/css/forms.css HTTP/1.1" 200 9090
INFO 2026-02-16 19:01:50,039 basehttp "GET /static/admin/js/prepopulate_init.js HTTP/1.1" 200 586
INFO 2026-02-16 19:01:50,048 basehttp "GET /static/admin/css/widgets.css HTTP/1.1" 200 11921
INFO 2026-02-16 19:01:50,053 basehttp "GET /static/admin/js/calendar.js HTTP/1.1" 200 8466
INFO 2026-02-16 19:01:50,053 basehttp "GET /static/admin/js/admin/DateTimeShortcuts.js HTTP/1.1" 200 19319
INFO 2026-02-16 19:01:50,085 basehttp "GET /static/admin/js/change_form.js HTTP/1.1" 200 606
INFO 2026-02-16 19:01:50,192 basehttp "GET /admin/jsi18n/ HTTP/1.1" 200 3343
INFO 2026-02-16 19:01:50,271 basehttp "GET /static/admin/img/icon-calendar.svg HTTP/1.1" 200 1086
INFO 2026-02-16 19:01:50,271 basehttp "GET /static/admin/img/icon-clock.svg HTTP/1.1" 200 677
INFO 2026-02-16 19:01:55,222 basehttp "GET /admin/ HTTP/1.1" 200 13963
INFO 2026-02-16 19:01:58,098 basehttp "GET /admin/library/framework/ HTTP/1.1" 200 14506
INFO 2026-02-16 19:01:58,132 basehttp "GET /admin/jsi18n/ HTTP/1.1" 200 3343
INFO 2026-02-16 19:02:00,001 basehttp "GET /admin/ HTTP/1.1" 200 13963
INFO 2026-02-16 19:02:02,067 basehttp "GET /admin/library/framework/add/ HTTP/1.1" 200 25802
INFO 2026-02-16 19:02:02,104 basehttp "GET /admin/jsi18n/ HTTP/1.1" 200 3343
INFO 2026-02-16 19:02:02,119 basehttp "GET /static/admin/img/icon-viewlink.svg HTTP/1.1" 200 581
INFO 2026-02-16 19:31:16,546 autoreload Watching for file changes with StatReloader
WARNING 2026-02-16 19:31:43,973 log Not Found: /
WARNING 2026-02-16 19:31:43,974 basehttp "GET / HTTP/1.1" 404 3479
WARNING 2026-02-16 19:32:01,626 log Not Found: /
WARNING 2026-02-16 19:32:01,626 basehttp "GET / HTTP/1.1" 404 3479
INFO 2026-02-16 19:33:46,856 middleware GET /api/docs - 404
INFO 2026-02-16 19:33:46,857 basehttp "GET /api/docs HTTP/1.1" 301 0
INFO 2026-02-16 19:33:46,958 middleware GET /api/docs/ - 200
INFO 2026-02-16 19:33:46,958 basehttp "GET /api/docs/ HTTP/1.1" 200 4472
ERROR 2026-02-16 19:33:47,446 log Internal Server Error: /api/schema/
Traceback (most recent call last):
  File "C:\Users\legion\Desktop\compliancehub\backend\venv\Lib\site-packages\django\core\handlers\exception.py", line 55, in inner
    response = get_response(request)
               ^^^^^^^^^^^^^^^^^^^^^
  File "C:\Users\legion\Desktop\compliancehub\backend\venv\Lib\site-packages\django\core\handlers\base.py", line 197, in _get_response
    response = wrapped_callback(request, *callback_args, **callback_kwargs)
               ^^^^^^^^^^^^^^^^^^^^^^^^^^^^^^^^^^^^^^^^^^^^^^^^^^^^^^^^^^^^
  File "C:\Python311\Lib\contextlib.py", line 81, in inner
    return func(*args, **kwds)
           ^^^^^^^^^^^^^^^^^^^
  File "C:\Users\legion\Desktop\compliancehub\backend\venv\Lib\site-packages\django\views\decorators\csrf.py", line 56, in wrapper_view
    return view_func(*args, **kwargs)
           ^^^^^^^^^^^^^^^^^^^^^^^^^^
  File "C:\Users\legion\Desktop\compliancehub\backend\venv\Lib\site-packages\django\views\generic\base.py", line 104, in view
    return self.dispatch(request, *args, **kwargs)
           ^^^^^^^^^^^^^^^^^^^^^^^^^^^^^^^^^^^^^^^
  File "C:\Users\legion\Desktop\compliancehub\backend\venv\Lib\site-packages\rest_framework\views.py", line 509, in dispatch
    response = self.handle_exception(exc)
               ^^^^^^^^^^^^^^^^^^^^^^^^^^
  File "C:\Users\legion\Desktop\compliancehub\backend\venv\Lib\site-packages\rest_framework\views.py", line 469, in handle_exception
    self.raise_uncaught_exception(exc)
  File "C:\Users\legion\Desktop\compliancehub\backend\venv\Lib\site-packages\rest_framework\views.py", line 480, in raise_uncaught_exception
    raise exc
  File "C:\Users\legion\Desktop\compliancehub\backend\venv\Lib\site-packages\rest_framework\views.py", line 506, in dispatch
    response = handler(request, *args, **kwargs)
               ^^^^^^^^^^^^^^^^^^^^^^^^^^^^^^^^^
  File "C:\Users\legion\Desktop\compliancehub\backend\venv\Lib\site-packages\drf_spectacular\views.py", line 84, in get
    return self._get_schema_response(request)
           ^^^^^^^^^^^^^^^^^^^^^^^^^^^^^^^^^^
  File "C:\Users\legion\Desktop\compliancehub\backend\venv\Lib\site-packages\drf_spectacular\views.py", line 92, in _get_schema_response
    data=generator.get_schema(request=request, public=self.serve_public),
         ^^^^^^^^^^^^^^^^^^^^^^^^^^^^^^^^^^^^^^^^^^^^^^^^^^^^^^^^^^^^^^^
  File "C:\Users\legion\Desktop\compliancehub\backend\venv\Lib\site-packages\drf_spectacular\generators.py", line 281, in get_schema
    paths=self.parse(request, public),
          ^^^^^^^^^^^^^^^^^^^^^^^^^^^
  File "C:\Users\legion\Desktop\compliancehub\backend\venv\Lib\site-packages\drf_spectacular\generators.py", line 252, in parse
    operation = view.schema.get_operation(
                ^^^^^^^^^^^^^^^^^^^^^^^^^^
  File "C:\Users\legion\Desktop\compliancehub\backend\venv\Lib\site-packages\drf_spectacular\openapi.py", line 111, in get_operation
    operation['responses'] = self._get_response_bodies()
                             ^^^^^^^^^^^^^^^^^^^^^^^^^^^
  File "C:\Users\legion\Desktop\compliancehub\backend\venv\Lib\site-packages\drf_spectacular\openapi.py", line 1367, in _get_response_bodies
    return {'200': self._get_response_for_code(response_serializers, '200', direction=direction)}
                   ^^^^^^^^^^^^^^^^^^^^^^^^^^^^^^^^^^^^^^^^^^^^^^^^^^^^^^^^^^^^^^^^^^^^^^^^^^^^^
  File "C:\Users\legion\Desktop\compliancehub\backend\venv\Lib\site-packages\drf_spectacular\openapi.py", line 1423, in _get_response_for_code
    component = self.resolve_serializer(serializer, direction)
                ^^^^^^^^^^^^^^^^^^^^^^^^^^^^^^^^^^^^^^^^^^^^^^
  File "C:\Users\legion\Desktop\compliancehub\backend\venv\Lib\site-packages\drf_spectacular\openapi.py", line 1605, in resolve_serializer
    component.schema = self._map_serializer(serializer, direction, bypass_extensions)
                       ^^^^^^^^^^^^^^^^^^^^^^^^^^^^^^^^^^^^^^^^^^^^^^^^^^^^^^^^^^^^^^
  File "C:\Users\legion\Desktop\compliancehub\backend\venv\Lib\site-packages\drf_spectacular\openapi.py", line 927, in _map_serializer
    schema = self._map_basic_serializer(serializer, direction)
             ^^^^^^^^^^^^^^^^^^^^^^^^^^^^^^^^^^^^^^^^^^^^^^^^^
  File "C:\Users\legion\Desktop\compliancehub\backend\venv\Lib\site-packages\drf_spectacular\openapi.py", line 1020, in _map_basic_serializer
    for field in serializer.fields.values():
                 ^^^^^^^^^^^^^^^^^
  File "C:\Users\legion\Desktop\compliancehub\backend\venv\Lib\site-packages\django\utils\functional.py", line 57, in __get__
    res = instance.__dict__[self.name] = self.func(instance)
                                         ^^^^^^^^^^^^^^^^^^^
  File "C:\Users\legion\Desktop\compliancehub\backend\venv\Lib\site-packages\rest_framework\serializers.py", line 356, in fields
    for key, value in self.get_fields().items():
                      ^^^^^^^^^^^^^^^^^
  File "C:\Users\legion\Desktop\compliancehub\backend\venv\Lib\site-packages\rest_framework\serializers.py", line 1076, in get_fields
    field_class, field_kwargs = self.build_field(
                                ^^^^^^^^^^^^^^^^^
  File "C:\Users\legion\Desktop\compliancehub\backend\venv\Lib\site-packages\rest_framework\serializers.py", line 1222, in build_field
    return self.build_unknown_field(field_name, model_class)
           ^^^^^^^^^^^^^^^^^^^^^^^^^^^^^^^^^^^^^^^^^^^^^^^^^
  File "C:\Users\legion\Desktop\compliancehub\backend\venv\Lib\site-packages\rest_framework\serializers.py", line 1340, in build_unknown_field
    raise ImproperlyConfigured(
django.core.exceptions.ImproperlyConfigured: Field name `gap_count` is not valid for model `ComplianceResult`.
INFO 2026-02-16 19:33:47,457 middleware GET /api/schema/ - 500
ERROR 2026-02-16 19:33:47,459 basehttp "GET /api/schema/ HTTP/1.1" 500 203824
ERROR 2026-02-16 19:33:47,616 log Internal Server Error: /api/schema/
Traceback (most recent call last):
  File "C:\Users\legion\Desktop\compliancehub\backend\venv\Lib\site-packages\django\core\handlers\exception.py", line 55, in inner
    response = get_response(request)
               ^^^^^^^^^^^^^^^^^^^^^
  File "C:\Users\legion\Desktop\compliancehub\backend\venv\Lib\site-packages\django\core\handlers\base.py", line 197, in _get_response
    response = wrapped_callback(request, *callback_args, **callback_kwargs)
               ^^^^^^^^^^^^^^^^^^^^^^^^^^^^^^^^^^^^^^^^^^^^^^^^^^^^^^^^^^^^
  File "C:\Python311\Lib\contextlib.py", line 81, in inner
    return func(*args, **kwds)
           ^^^^^^^^^^^^^^^^^^^
  File "C:\Users\legion\Desktop\compliancehub\backend\venv\Lib\site-packages\django\views\decorators\csrf.py", line 56, in wrapper_view
    return view_func(*args, **kwargs)
           ^^^^^^^^^^^^^^^^^^^^^^^^^^
  File "C:\Users\legion\Desktop\compliancehub\backend\venv\Lib\site-packages\django\views\generic\base.py", line 104, in view
    return self.dispatch(request, *args, **kwargs)
           ^^^^^^^^^^^^^^^^^^^^^^^^^^^^^^^^^^^^^^^
  File "C:\Users\legion\Desktop\compliancehub\backend\venv\Lib\site-packages\rest_framework\views.py", line 509, in dispatch
    response = self.handle_exception(exc)
               ^^^^^^^^^^^^^^^^^^^^^^^^^^
  File "C:\Users\legion\Desktop\compliancehub\backend\venv\Lib\site-packages\rest_framework\views.py", line 469, in handle_exception
    self.raise_uncaught_exception(exc)
  File "C:\Users\legion\Desktop\compliancehub\backend\venv\Lib\site-packages\rest_framework\views.py", line 480, in raise_uncaught_exception
    raise exc
  File "C:\Users\legion\Desktop\compliancehub\backend\venv\Lib\site-packages\rest_framework\views.py", line 506, in dispatch
    response = handler(request, *args, **kwargs)
               ^^^^^^^^^^^^^^^^^^^^^^^^^^^^^^^^^
  File "C:\Users\legion\Desktop\compliancehub\backend\venv\Lib\site-packages\drf_spectacular\views.py", line 84, in get
    return self._get_schema_response(request)
           ^^^^^^^^^^^^^^^^^^^^^^^^^^^^^^^^^^
  File "C:\Users\legion\Desktop\compliancehub\backend\venv\Lib\site-packages\drf_spectacular\views.py", line 92, in _get_schema_response
    data=generator.get_schema(request=request, public=self.serve_public),
         ^^^^^^^^^^^^^^^^^^^^^^^^^^^^^^^^^^^^^^^^^^^^^^^^^^^^^^^^^^^^^^^
  File "C:\Users\legion\Desktop\compliancehub\backend\venv\Lib\site-packages\drf_spectacular\generators.py", line 281, in get_schema
    paths=self.parse(request, public),
          ^^^^^^^^^^^^^^^^^^^^^^^^^^^
  File "C:\Users\legion\Desktop\compliancehub\backend\venv\Lib\site-packages\drf_spectacular\generators.py", line 252, in parse
    operation = view.schema.get_operation(
                ^^^^^^^^^^^^^^^^^^^^^^^^^^
  File "C:\Users\legion\Desktop\compliancehub\backend\venv\Lib\site-packages\drf_spectacular\openapi.py", line 111, in get_operation
    operation['responses'] = self._get_response_bodies()
                             ^^^^^^^^^^^^^^^^^^^^^^^^^^^
  File "C:\Users\legion\Desktop\compliancehub\backend\venv\Lib\site-packages\drf_spectacular\openapi.py", line 1367, in _get_response_bodies
    return {'200': self._get_response_for_code(response_serializers, '200', direction=direction)}
                   ^^^^^^^^^^^^^^^^^^^^^^^^^^^^^^^^^^^^^^^^^^^^^^^^^^^^^^^^^^^^^^^^^^^^^^^^^^^^^
  File "C:\Users\legion\Desktop\compliancehub\backend\venv\Lib\site-packages\drf_spectacular\openapi.py", line 1423, in _get_response_for_code
    component = self.resolve_serializer(serializer, direction)
                ^^^^^^^^^^^^^^^^^^^^^^^^^^^^^^^^^^^^^^^^^^^^^^
  File "C:\Users\legion\Desktop\compliancehub\backend\venv\Lib\site-packages\drf_spectacular\openapi.py", line 1605, in resolve_serializer
    component.schema = self._map_serializer(serializer, direction, bypass_extensions)
                       ^^^^^^^^^^^^^^^^^^^^^^^^^^^^^^^^^^^^^^^^^^^^^^^^^^^^^^^^^^^^^^
  File "C:\Users\legion\Desktop\compliancehub\backend\venv\Lib\site-packages\drf_spectacular\openapi.py", line 927, in _map_serializer
    schema = self._map_basic_serializer(serializer, direction)
             ^^^^^^^^^^^^^^^^^^^^^^^^^^^^^^^^^^^^^^^^^^^^^^^^^
  File "C:\Users\legion\Desktop\compliancehub\backend\venv\Lib\site-packages\drf_spectacular\openapi.py", line 1020, in _map_basic_serializer
    for field in serializer.fields.values():
                 ^^^^^^^^^^^^^^^^^
  File "C:\Users\legion\Desktop\compliancehub\backend\venv\Lib\site-packages\django\utils\functional.py", line 57, in __get__
    res = instance.__dict__[self.name] = self.func(instance)
                                         ^^^^^^^^^^^^^^^^^^^
  File "C:\Users\legion\Desktop\compliancehub\backend\venv\Lib\site-packages\rest_framework\serializers.py", line 356, in fields
    for key, value in self.get_fields().items():
                      ^^^^^^^^^^^^^^^^^
  File "C:\Users\legion\Desktop\compliancehub\backend\venv\Lib\site-packages\rest_framework\serializers.py", line 1076, in get_fields
    field_class, field_kwargs = self.build_field(
                                ^^^^^^^^^^^^^^^^^
  File "C:\Users\legion\Desktop\compliancehub\backend\venv\Lib\site-packages\rest_framework\serializers.py", line 1222, in build_field
    return self.build_unknown_field(field_name, model_class)
           ^^^^^^^^^^^^^^^^^^^^^^^^^^^^^^^^^^^^^^^^^^^^^^^^^
  File "C:\Users\legion\Desktop\compliancehub\backend\venv\Lib\site-packages\rest_framework\serializers.py", line 1340, in build_unknown_field
    raise ImproperlyConfigured(
django.core.exceptions.ImproperlyConfigured: Field name `gap_count` is not valid for model `ComplianceResult`.
INFO 2026-02-16 19:33:47,621 middleware GET /api/schema/ - 500
ERROR 2026-02-16 19:33:47,622 basehttp "GET /api/schema/ HTTP/1.1" 500 203824
INFO 2026-02-16 19:35:50,507 autoreload C:\Users\legion\Desktop\compliancehub\backend\compliance\serializers.py changed, reloading.
INFO 2026-02-16 19:35:51,320 autoreload Watching for file changes with StatReloader
INFO 2026-02-16 19:35:56,414 middleware GET /api/docs/ - 200
INFO 2026-02-16 19:35:56,415 basehttp "GET /api/docs/ HTTP/1.1" 200 4472
ERROR 2026-02-16 19:35:57,067 log Internal Server Error: /api/schema/
Traceback (most recent call last):
  File "C:\Users\legion\Desktop\compliancehub\backend\venv\Lib\site-packages\django\core\handlers\exception.py", line 55, in inner
    response = get_response(request)
               ^^^^^^^^^^^^^^^^^^^^^
  File "C:\Users\legion\Desktop\compliancehub\backend\venv\Lib\site-packages\django\core\handlers\base.py", line 197, in _get_response
    response = wrapped_callback(request, *callback_args, **callback_kwargs)
               ^^^^^^^^^^^^^^^^^^^^^^^^^^^^^^^^^^^^^^^^^^^^^^^^^^^^^^^^^^^^
  File "C:\Python311\Lib\contextlib.py", line 81, in inner
    return func(*args, **kwds)
           ^^^^^^^^^^^^^^^^^^^
  File "C:\Users\legion\Desktop\compliancehub\backend\venv\Lib\site-packages\django\views\decorators\csrf.py", line 56, in wrapper_view
    return view_func(*args, **kwargs)
           ^^^^^^^^^^^^^^^^^^^^^^^^^^
  File "C:\Users\legion\Desktop\compliancehub\backend\venv\Lib\site-packages\django\views\generic\base.py", line 104, in view
    return self.dispatch(request, *args, **kwargs)
           ^^^^^^^^^^^^^^^^^^^^^^^^^^^^^^^^^^^^^^^
  File "C:\Users\legion\Desktop\compliancehub\backend\venv\Lib\site-packages\rest_framework\views.py", line 509, in dispatch
    response = self.handle_exception(exc)
               ^^^^^^^^^^^^^^^^^^^^^^^^^^
  File "C:\Users\legion\Desktop\compliancehub\backend\venv\Lib\site-packages\rest_framework\views.py", line 469, in handle_exception
    self.raise_uncaught_exception(exc)
  File "C:\Users\legion\Desktop\compliancehub\backend\venv\Lib\site-packages\rest_framework\views.py", line 480, in raise_uncaught_exception
    raise exc
  File "C:\Users\legion\Desktop\compliancehub\backend\venv\Lib\site-packages\rest_framework\views.py", line 506, in dispatch
    response = handler(request, *args, **kwargs)
               ^^^^^^^^^^^^^^^^^^^^^^^^^^^^^^^^^
  File "C:\Users\legion\Desktop\compliancehub\backend\venv\Lib\site-packages\drf_spectacular\views.py", line 84, in get
    return self._get_schema_response(request)
           ^^^^^^^^^^^^^^^^^^^^^^^^^^^^^^^^^^
  File "C:\Users\legion\Desktop\compliancehub\backend\venv\Lib\site-packages\drf_spectacular\views.py", line 92, in _get_schema_response
    data=generator.get_schema(request=request, public=self.serve_public),
         ^^^^^^^^^^^^^^^^^^^^^^^^^^^^^^^^^^^^^^^^^^^^^^^^^^^^^^^^^^^^^^^
  File "C:\Users\legion\Desktop\compliancehub\backend\venv\Lib\site-packages\drf_spectacular\generators.py", line 281, in get_schema
    paths=self.parse(request, public),
          ^^^^^^^^^^^^^^^^^^^^^^^^^^^
  File "C:\Users\legion\Desktop\compliancehub\backend\venv\Lib\site-packages\drf_spectacular\generators.py", line 252, in parse
    operation = view.schema.get_operation(
                ^^^^^^^^^^^^^^^^^^^^^^^^^^
  File "C:\Users\legion\Desktop\compliancehub\backend\venv\Lib\site-packages\drf_spectacular\openapi.py", line 111, in get_operation
    operation['responses'] = self._get_response_bodies()
                             ^^^^^^^^^^^^^^^^^^^^^^^^^^^
  File "C:\Users\legion\Desktop\compliancehub\backend\venv\Lib\site-packages\drf_spectacular\openapi.py", line 1367, in _get_response_bodies
    return {'200': self._get_response_for_code(response_serializers, '200', direction=direction)}
                   ^^^^^^^^^^^^^^^^^^^^^^^^^^^^^^^^^^^^^^^^^^^^^^^^^^^^^^^^^^^^^^^^^^^^^^^^^^^^^
  File "C:\Users\legion\Desktop\compliancehub\backend\venv\Lib\site-packages\drf_spectacular\openapi.py", line 1423, in _get_response_for_code
    component = self.resolve_serializer(serializer, direction)
                ^^^^^^^^^^^^^^^^^^^^^^^^^^^^^^^^^^^^^^^^^^^^^^
  File "C:\Users\legion\Desktop\compliancehub\backend\venv\Lib\site-packages\drf_spectacular\openapi.py", line 1605, in resolve_serializer
    component.schema = self._map_serializer(serializer, direction, bypass_extensions)
                       ^^^^^^^^^^^^^^^^^^^^^^^^^^^^^^^^^^^^^^^^^^^^^^^^^^^^^^^^^^^^^^
  File "C:\Users\legion\Desktop\compliancehub\backend\venv\Lib\site-packages\drf_spectacular\openapi.py", line 927, in _map_serializer
    schema = self._map_basic_serializer(serializer, direction)
             ^^^^^^^^^^^^^^^^^^^^^^^^^^^^^^^^^^^^^^^^^^^^^^^^^
  File "C:\Users\legion\Desktop\compliancehub\backend\venv\Lib\site-packages\drf_spectacular\openapi.py", line 1020, in _map_basic_serializer
    for field in serializer.fields.values():
                 ^^^^^^^^^^^^^^^^^
  File "C:\Users\legion\Desktop\compliancehub\backend\venv\Lib\site-packages\django\utils\functional.py", line 57, in __get__
    res = instance.__dict__[self.name] = self.func(instance)
                                         ^^^^^^^^^^^^^^^^^^^
  File "C:\Users\legion\Desktop\compliancehub\backend\venv\Lib\site-packages\rest_framework\serializers.py", line 356, in fields
    for key, value in self.get_fields().items():
                      ^^^^^^^^^^^^^^^^^
  File "C:\Users\legion\Desktop\compliancehub\backend\venv\Lib\site-packages\rest_framework\serializers.py", line 1052, in get_fields
    field_names = self.get_field_names(declared_fields, info)
                  ^^^^^^^^^^^^^^^^^^^^^^^^^^^^^^^^^^^^^^^^^^^
  File "C:\Users\legion\Desktop\compliancehub\backend\venv\Lib\site-packages\rest_framework\serializers.py", line 1148, in get_field_names
    assert field_name in fields, (
AssertionError: The field 'is_certification_expired' was declared on serializer RiskMatrixSerializer, but has not been included in the 'fields' option.
INFO 2026-02-16 19:35:57,075 middleware GET /api/schema/ - 500
ERROR 2026-02-16 19:35:57,076 basehttp "GET /api/schema/ HTTP/1.1" 500 194820
ERROR 2026-02-16 19:35:57,474 log Internal Server Error: /api/schema/
Traceback (most recent call last):
  File "C:\Users\legion\Desktop\compliancehub\backend\venv\Lib\site-packages\django\core\handlers\exception.py", line 55, in inner
    response = get_response(request)
               ^^^^^^^^^^^^^^^^^^^^^
  File "C:\Users\legion\Desktop\compliancehub\backend\venv\Lib\site-packages\django\core\handlers\base.py", line 197, in _get_response
    response = wrapped_callback(request, *callback_args, **callback_kwargs)
               ^^^^^^^^^^^^^^^^^^^^^^^^^^^^^^^^^^^^^^^^^^^^^^^^^^^^^^^^^^^^
  File "C:\Python311\Lib\contextlib.py", line 81, in inner
    return func(*args, **kwds)
           ^^^^^^^^^^^^^^^^^^^
  File "C:\Users\legion\Desktop\compliancehub\backend\venv\Lib\site-packages\django\views\decorators\csrf.py", line 56, in wrapper_view
    return view_func(*args, **kwargs)
           ^^^^^^^^^^^^^^^^^^^^^^^^^^
  File "C:\Users\legion\Desktop\compliancehub\backend\venv\Lib\site-packages\django\views\generic\base.py", line 104, in view
    return self.dispatch(request, *args, **kwargs)
           ^^^^^^^^^^^^^^^^^^^^^^^^^^^^^^^^^^^^^^^
  File "C:\Users\legion\Desktop\compliancehub\backend\venv\Lib\site-packages\rest_framework\views.py", line 509, in dispatch
    response = self.handle_exception(exc)
               ^^^^^^^^^^^^^^^^^^^^^^^^^^
  File "C:\Users\legion\Desktop\compliancehub\backend\venv\Lib\site-packages\rest_framework\views.py", line 469, in handle_exception
    self.raise_uncaught_exception(exc)
  File "C:\Users\legion\Desktop\compliancehub\backend\venv\Lib\site-packages\rest_framework\views.py", line 480, in raise_uncaught_exception
    raise exc
  File "C:\Users\legion\Desktop\compliancehub\backend\venv\Lib\site-packages\rest_framework\views.py", line 506, in dispatch
    response = handler(request, *args, **kwargs)
               ^^^^^^^^^^^^^^^^^^^^^^^^^^^^^^^^^
  File "C:\Users\legion\Desktop\compliancehub\backend\venv\Lib\site-packages\drf_spectacular\views.py", line 84, in get
    return self._get_schema_response(request)
           ^^^^^^^^^^^^^^^^^^^^^^^^^^^^^^^^^^
  File "C:\Users\legion\Desktop\compliancehub\backend\venv\Lib\site-packages\drf_spectacular\views.py", line 92, in _get_schema_response
    data=generator.get_schema(request=request, public=self.serve_public),
         ^^^^^^^^^^^^^^^^^^^^^^^^^^^^^^^^^^^^^^^^^^^^^^^^^^^^^^^^^^^^^^^
  File "C:\Users\legion\Desktop\compliancehub\backend\venv\Lib\site-packages\drf_spectacular\generators.py", line 281, in get_schema
    paths=self.parse(request, public),
          ^^^^^^^^^^^^^^^^^^^^^^^^^^^
  File "C:\Users\legion\Desktop\compliancehub\backend\venv\Lib\site-packages\drf_spectacular\generators.py", line 252, in parse
    operation = view.schema.get_operation(
                ^^^^^^^^^^^^^^^^^^^^^^^^^^
  File "C:\Users\legion\Desktop\compliancehub\backend\venv\Lib\site-packages\drf_spectacular\openapi.py", line 111, in get_operation
    operation['responses'] = self._get_response_bodies()
                             ^^^^^^^^^^^^^^^^^^^^^^^^^^^
  File "C:\Users\legion\Desktop\compliancehub\backend\venv\Lib\site-packages\drf_spectacular\openapi.py", line 1367, in _get_response_bodies
    return {'200': self._get_response_for_code(response_serializers, '200', direction=direction)}
                   ^^^^^^^^^^^^^^^^^^^^^^^^^^^^^^^^^^^^^^^^^^^^^^^^^^^^^^^^^^^^^^^^^^^^^^^^^^^^^
  File "C:\Users\legion\Desktop\compliancehub\backend\venv\Lib\site-packages\drf_spectacular\openapi.py", line 1423, in _get_response_for_code
    component = self.resolve_serializer(serializer, direction)
                ^^^^^^^^^^^^^^^^^^^^^^^^^^^^^^^^^^^^^^^^^^^^^^
  File "C:\Users\legion\Desktop\compliancehub\backend\venv\Lib\site-packages\drf_spectacular\openapi.py", line 1605, in resolve_serializer
    component.schema = self._map_serializer(serializer, direction, bypass_extensions)
                       ^^^^^^^^^^^^^^^^^^^^^^^^^^^^^^^^^^^^^^^^^^^^^^^^^^^^^^^^^^^^^^
  File "C:\Users\legion\Desktop\compliancehub\backend\venv\Lib\site-packages\drf_spectacular\openapi.py", line 927, in _map_serializer
    schema = self._map_basic_serializer(serializer, direction)
             ^^^^^^^^^^^^^^^^^^^^^^^^^^^^^^^^^^^^^^^^^^^^^^^^^
  File "C:\Users\legion\Desktop\compliancehub\backend\venv\Lib\site-packages\drf_spectacular\openapi.py", line 1020, in _map_basic_serializer
    for field in serializer.fields.values():
                 ^^^^^^^^^^^^^^^^^
  File "C:\Users\legion\Desktop\compliancehub\backend\venv\Lib\site-packages\django\utils\functional.py", line 57, in __get__
    res = instance.__dict__[self.name] = self.func(instance)
                                         ^^^^^^^^^^^^^^^^^^^
  File "C:\Users\legion\Desktop\compliancehub\backend\venv\Lib\site-packages\rest_framework\serializers.py", line 356, in fields
    for key, value in self.get_fields().items():
                      ^^^^^^^^^^^^^^^^^
  File "C:\Users\legion\Desktop\compliancehub\backend\venv\Lib\site-packages\rest_framework\serializers.py", line 1052, in get_fields
    field_names = self.get_field_names(declared_fields, info)
                  ^^^^^^^^^^^^^^^^^^^^^^^^^^^^^^^^^^^^^^^^^^^
  File "C:\Users\legion\Desktop\compliancehub\backend\venv\Lib\site-packages\rest_framework\serializers.py", line 1148, in get_field_names
    assert field_name in fields, (
AssertionError: The field 'is_certification_expired' was declared on serializer RiskMatrixSerializer, but has not been included in the 'fields' option.
INFO 2026-02-16 19:35:57,477 middleware GET /api/schema/ - 500
ERROR 2026-02-16 19:35:57,478 basehttp "GET /api/schema/ HTTP/1.1" 500 194820
INFO 2026-02-16 19:36:16,470 autoreload C:\Users\legion\Desktop\compliancehub\backend\compliance\serializers.py changed, reloading.
INFO 2026-02-16 19:36:17,254 autoreload Watching for file changes with StatReloader
WARNING 2026-02-16 19:36:23,610 log Not Found: /.well-known/appspecific/com.chrome.devtools.json
WARNING 2026-02-16 19:36:23,611 basehttp "GET /.well-known/appspecific/com.chrome.devtools.json HTTP/1.1" 404 3641
INFO 2026-02-16 19:39:43,229 autoreload C:\Users\legion\Desktop\compliancehub\backend\compliance\serializers.py changed, reloading.
INFO 2026-02-16 19:39:44,048 autoreload Watching for file changes with StatReloader
INFO 2026-02-16 19:42:49,212 autoreload C:\Users\legion\Desktop\compliancehub\backend\compliance\serializers.py changed, reloading.
INFO 2026-02-16 19:42:49,951 autoreload Watching for file changes with StatReloader
INFO 2026-02-16 19:43:00,548 middleware GET /api/docs/ - 200
INFO 2026-02-16 19:43:00,548 basehttp "GET /api/docs/ HTTP/1.1" 200 4472
ERROR 2026-02-16 19:43:01,316 log Internal Server Error: /api/schema/
Traceback (most recent call last):
  File "C:\Users\legion\Desktop\compliancehub\backend\venv\Lib\site-packages\django\core\handlers\exception.py", line 55, in inner
    response = get_response(request)
               ^^^^^^^^^^^^^^^^^^^^^
  File "C:\Users\legion\Desktop\compliancehub\backend\venv\Lib\site-packages\django\core\handlers\base.py", line 197, in _get_response
    response = wrapped_callback(request, *callback_args, **callback_kwargs)
               ^^^^^^^^^^^^^^^^^^^^^^^^^^^^^^^^^^^^^^^^^^^^^^^^^^^^^^^^^^^^
  File "C:\Python311\Lib\contextlib.py", line 81, in inner
    return func(*args, **kwds)
           ^^^^^^^^^^^^^^^^^^^
  File "C:\Users\legion\Desktop\compliancehub\backend\venv\Lib\site-packages\django\views\decorators\csrf.py", line 56, in wrapper_view
    return view_func(*args, **kwargs)
           ^^^^^^^^^^^^^^^^^^^^^^^^^^
  File "C:\Users\legion\Desktop\compliancehub\backend\venv\Lib\site-packages\django\views\generic\base.py", line 104, in view
    return self.dispatch(request, *args, **kwargs)
           ^^^^^^^^^^^^^^^^^^^^^^^^^^^^^^^^^^^^^^^
  File "C:\Users\legion\Desktop\compliancehub\backend\venv\Lib\site-packages\rest_framework\views.py", line 509, in dispatch
    response = self.handle_exception(exc)
               ^^^^^^^^^^^^^^^^^^^^^^^^^^
  File "C:\Users\legion\Desktop\compliancehub\backend\venv\Lib\site-packages\rest_framework\views.py", line 469, in handle_exception
    self.raise_uncaught_exception(exc)
  File "C:\Users\legion\Desktop\compliancehub\backend\venv\Lib\site-packages\rest_framework\views.py", line 480, in raise_uncaught_exception
    raise exc
  File "C:\Users\legion\Desktop\compliancehub\backend\venv\Lib\site-packages\rest_framework\views.py", line 506, in dispatch
    response = handler(request, *args, **kwargs)
               ^^^^^^^^^^^^^^^^^^^^^^^^^^^^^^^^^
  File "C:\Users\legion\Desktop\compliancehub\backend\venv\Lib\site-packages\drf_spectacular\views.py", line 84, in get
    return self._get_schema_response(request)
           ^^^^^^^^^^^^^^^^^^^^^^^^^^^^^^^^^^
  File "C:\Users\legion\Desktop\compliancehub\backend\venv\Lib\site-packages\drf_spectacular\views.py", line 92, in _get_schema_response
    data=generator.get_schema(request=request, public=self.serve_public),
         ^^^^^^^^^^^^^^^^^^^^^^^^^^^^^^^^^^^^^^^^^^^^^^^^^^^^^^^^^^^^^^^
  File "C:\Users\legion\Desktop\compliancehub\backend\venv\Lib\site-packages\drf_spectacular\generators.py", line 281, in get_schema
    paths=self.parse(request, public),
          ^^^^^^^^^^^^^^^^^^^^^^^^^^^
  File "C:\Users\legion\Desktop\compliancehub\backend\venv\Lib\site-packages\drf_spectacular\generators.py", line 252, in parse
    operation = view.schema.get_operation(
                ^^^^^^^^^^^^^^^^^^^^^^^^^^
  File "C:\Users\legion\Desktop\compliancehub\backend\venv\Lib\site-packages\drf_spectacular\openapi.py", line 111, in get_operation
    operation['responses'] = self._get_response_bodies()
                             ^^^^^^^^^^^^^^^^^^^^^^^^^^^
  File "C:\Users\legion\Desktop\compliancehub\backend\venv\Lib\site-packages\drf_spectacular\openapi.py", line 1367, in _get_response_bodies
    return {'200': self._get_response_for_code(response_serializers, '200', direction=direction)}
                   ^^^^^^^^^^^^^^^^^^^^^^^^^^^^^^^^^^^^^^^^^^^^^^^^^^^^^^^^^^^^^^^^^^^^^^^^^^^^^
  File "C:\Users\legion\Desktop\compliancehub\backend\venv\Lib\site-packages\drf_spectacular\openapi.py", line 1423, in _get_response_for_code
    component = self.resolve_serializer(serializer, direction)
                ^^^^^^^^^^^^^^^^^^^^^^^^^^^^^^^^^^^^^^^^^^^^^^
  File "C:\Users\legion\Desktop\compliancehub\backend\venv\Lib\site-packages\drf_spectacular\openapi.py", line 1605, in resolve_serializer
    component.schema = self._map_serializer(serializer, direction, bypass_extensions)
                       ^^^^^^^^^^^^^^^^^^^^^^^^^^^^^^^^^^^^^^^^^^^^^^^^^^^^^^^^^^^^^^
  File "C:\Users\legion\Desktop\compliancehub\backend\venv\Lib\site-packages\drf_spectacular\openapi.py", line 927, in _map_serializer
    schema = self._map_basic_serializer(serializer, direction)
             ^^^^^^^^^^^^^^^^^^^^^^^^^^^^^^^^^^^^^^^^^^^^^^^^^
  File "C:\Users\legion\Desktop\compliancehub\backend\venv\Lib\site-packages\drf_spectacular\openapi.py", line 1020, in _map_basic_serializer
    for field in serializer.fields.values():
                 ^^^^^^^^^^^^^^^^^
  File "C:\Users\legion\Desktop\compliancehub\backend\venv\Lib\site-packages\django\utils\functional.py", line 57, in __get__
    res = instance.__dict__[self.name] = self.func(instance)
                                         ^^^^^^^^^^^^^^^^^^^
  File "C:\Users\legion\Desktop\compliancehub\backend\venv\Lib\site-packages\rest_framework\serializers.py", line 356, in fields
    for key, value in self.get_fields().items():
                      ^^^^^^^^^^^^^^^^^
  File "C:\Users\legion\Desktop\compliancehub\backend\venv\Lib\site-packages\rest_framework\serializers.py", line 1052, in get_fields
    field_names = self.get_field_names(declared_fields, info)
                  ^^^^^^^^^^^^^^^^^^^^^^^^^^^^^^^^^^^^^^^^^^^
  File "C:\Users\legion\Desktop\compliancehub\backend\venv\Lib\site-packages\rest_framework\serializers.py", line 1148, in get_field_names
    assert field_name in fields, (
AssertionError: The field 'is_certification_expired' was declared on serializer RiskMatrixSerializer, but has not been included in the 'fields' option.
INFO 2026-02-16 19:43:01,323 middleware GET /api/schema/ - 500
ERROR 2026-02-16 19:43:01,324 basehttp "GET /api/schema/ HTTP/1.1" 500 194820
ERROR 2026-02-16 19:43:01,754 log Internal Server Error: /api/schema/
Traceback (most recent call last):
  File "C:\Users\legion\Desktop\compliancehub\backend\venv\Lib\site-packages\django\core\handlers\exception.py", line 55, in inner
    response = get_response(request)
               ^^^^^^^^^^^^^^^^^^^^^
  File "C:\Users\legion\Desktop\compliancehub\backend\venv\Lib\site-packages\django\core\handlers\base.py", line 197, in _get_response
    response = wrapped_callback(request, *callback_args, **callback_kwargs)
               ^^^^^^^^^^^^^^^^^^^^^^^^^^^^^^^^^^^^^^^^^^^^^^^^^^^^^^^^^^^^
  File "C:\Python311\Lib\contextlib.py", line 81, in inner
    return func(*args, **kwds)
           ^^^^^^^^^^^^^^^^^^^
  File "C:\Users\legion\Desktop\compliancehub\backend\venv\Lib\site-packages\django\views\decorators\csrf.py", line 56, in wrapper_view
    return view_func(*args, **kwargs)
           ^^^^^^^^^^^^^^^^^^^^^^^^^^
  File "C:\Users\legion\Desktop\compliancehub\backend\venv\Lib\site-packages\django\views\generic\base.py", line 104, in view
    return self.dispatch(request, *args, **kwargs)
           ^^^^^^^^^^^^^^^^^^^^^^^^^^^^^^^^^^^^^^^
  File "C:\Users\legion\Desktop\compliancehub\backend\venv\Lib\site-packages\rest_framework\views.py", line 509, in dispatch
    response = self.handle_exception(exc)
               ^^^^^^^^^^^^^^^^^^^^^^^^^^
  File "C:\Users\legion\Desktop\compliancehub\backend\venv\Lib\site-packages\rest_framework\views.py", line 469, in handle_exception
    self.raise_uncaught_exception(exc)
  File "C:\Users\legion\Desktop\compliancehub\backend\venv\Lib\site-packages\rest_framework\views.py", line 480, in raise_uncaught_exception
    raise exc
  File "C:\Users\legion\Desktop\compliancehub\backend\venv\Lib\site-packages\rest_framework\views.py", line 506, in dispatch
    response = handler(request, *args, **kwargs)
               ^^^^^^^^^^^^^^^^^^^^^^^^^^^^^^^^^
  File "C:\Users\legion\Desktop\compliancehub\backend\venv\Lib\site-packages\drf_spectacular\views.py", line 84, in get
    return self._get_schema_response(request)
           ^^^^^^^^^^^^^^^^^^^^^^^^^^^^^^^^^^
  File "C:\Users\legion\Desktop\compliancehub\backend\venv\Lib\site-packages\drf_spectacular\views.py", line 92, in _get_schema_response
    data=generator.get_schema(request=request, public=self.serve_public),
         ^^^^^^^^^^^^^^^^^^^^^^^^^^^^^^^^^^^^^^^^^^^^^^^^^^^^^^^^^^^^^^^
  File "C:\Users\legion\Desktop\compliancehub\backend\venv\Lib\site-packages\drf_spectacular\generators.py", line 281, in get_schema
    paths=self.parse(request, public),
          ^^^^^^^^^^^^^^^^^^^^^^^^^^^
  File "C:\Users\legion\Desktop\compliancehub\backend\venv\Lib\site-packages\drf_spectacular\generators.py", line 252, in parse
    operation = view.schema.get_operation(
                ^^^^^^^^^^^^^^^^^^^^^^^^^^
  File "C:\Users\legion\Desktop\compliancehub\backend\venv\Lib\site-packages\drf_spectacular\openapi.py", line 111, in get_operation
    operation['responses'] = self._get_response_bodies()
                             ^^^^^^^^^^^^^^^^^^^^^^^^^^^
  File "C:\Users\legion\Desktop\compliancehub\backend\venv\Lib\site-packages\drf_spectacular\openapi.py", line 1367, in _get_response_bodies
    return {'200': self._get_response_for_code(response_serializers, '200', direction=direction)}
                   ^^^^^^^^^^^^^^^^^^^^^^^^^^^^^^^^^^^^^^^^^^^^^^^^^^^^^^^^^^^^^^^^^^^^^^^^^^^^^
  File "C:\Users\legion\Desktop\compliancehub\backend\venv\Lib\site-packages\drf_spectacular\openapi.py", line 1423, in _get_response_for_code
    component = self.resolve_serializer(serializer, direction)
                ^^^^^^^^^^^^^^^^^^^^^^^^^^^^^^^^^^^^^^^^^^^^^^
  File "C:\Users\legion\Desktop\compliancehub\backend\venv\Lib\site-packages\drf_spectacular\openapi.py", line 1605, in resolve_serializer
    component.schema = self._map_serializer(serializer, direction, bypass_extensions)
                       ^^^^^^^^^^^^^^^^^^^^^^^^^^^^^^^^^^^^^^^^^^^^^^^^^^^^^^^^^^^^^^
  File "C:\Users\legion\Desktop\compliancehub\backend\venv\Lib\site-packages\drf_spectacular\openapi.py", line 927, in _map_serializer
    schema = self._map_basic_serializer(serializer, direction)
             ^^^^^^^^^^^^^^^^^^^^^^^^^^^^^^^^^^^^^^^^^^^^^^^^^
  File "C:\Users\legion\Desktop\compliancehub\backend\venv\Lib\site-packages\drf_spectacular\openapi.py", line 1020, in _map_basic_serializer
    for field in serializer.fields.values():
                 ^^^^^^^^^^^^^^^^^
  File "C:\Users\legion\Desktop\compliancehub\backend\venv\Lib\site-packages\django\utils\functional.py", line 57, in __get__
    res = instance.__dict__[self.name] = self.func(instance)
                                         ^^^^^^^^^^^^^^^^^^^
  File "C:\Users\legion\Desktop\compliancehub\backend\venv\Lib\site-packages\rest_framework\serializers.py", line 356, in fields
    for key, value in self.get_fields().items():
                      ^^^^^^^^^^^^^^^^^
  File "C:\Users\legion\Desktop\compliancehub\backend\venv\Lib\site-packages\rest_framework\serializers.py", line 1052, in get_fields
    field_names = self.get_field_names(declared_fields, info)
                  ^^^^^^^^^^^^^^^^^^^^^^^^^^^^^^^^^^^^^^^^^^^
  File "C:\Users\legion\Desktop\compliancehub\backend\venv\Lib\site-packages\rest_framework\serializers.py", line 1148, in get_field_names
    assert field_name in fields, (
AssertionError: The field 'is_certification_expired' was declared on serializer RiskMatrixSerializer, but has not been included in the 'fields' option.
INFO 2026-02-16 19:43:01,759 middleware GET /api/schema/ - 500
ERROR 2026-02-16 19:43:01,760 basehttp "GET /api/schema/ HTTP/1.1" 500 194820
INFO 2026-02-16 19:45:04,588 autoreload Watching for file changes with StatReloader
INFO 2026-02-16 19:45:07,487 middleware GET /api/docs/ - 200
INFO 2026-02-16 19:45:07,487 basehttp "GET /api/docs/ HTTP/1.1" 200 4472
ERROR 2026-02-16 19:45:08,164 log Internal Server Error: /api/schema/
Traceback (most recent call last):
  File "C:\Users\legion\Desktop\compliancehub\backend\venv\Lib\site-packages\django\core\handlers\exception.py", line 55, in inner
    response = get_response(request)
               ^^^^^^^^^^^^^^^^^^^^^
  File "C:\Users\legion\Desktop\compliancehub\backend\venv\Lib\site-packages\django\core\handlers\base.py", line 197, in _get_response
    response = wrapped_callback(request, *callback_args, **callback_kwargs)
               ^^^^^^^^^^^^^^^^^^^^^^^^^^^^^^^^^^^^^^^^^^^^^^^^^^^^^^^^^^^^
  File "C:\Python311\Lib\contextlib.py", line 81, in inner
    return func(*args, **kwds)
           ^^^^^^^^^^^^^^^^^^^
  File "C:\Users\legion\Desktop\compliancehub\backend\venv\Lib\site-packages\django\views\decorators\csrf.py", line 56, in wrapper_view
    return view_func(*args, **kwargs)
           ^^^^^^^^^^^^^^^^^^^^^^^^^^
  File "C:\Users\legion\Desktop\compliancehub\backend\venv\Lib\site-packages\django\views\generic\base.py", line 104, in view
    return self.dispatch(request, *args, **kwargs)
           ^^^^^^^^^^^^^^^^^^^^^^^^^^^^^^^^^^^^^^^
  File "C:\Users\legion\Desktop\compliancehub\backend\venv\Lib\site-packages\rest_framework\views.py", line 509, in dispatch
    response = self.handle_exception(exc)
               ^^^^^^^^^^^^^^^^^^^^^^^^^^
  File "C:\Users\legion\Desktop\compliancehub\backend\venv\Lib\site-packages\rest_framework\views.py", line 469, in handle_exception
    self.raise_uncaught_exception(exc)
  File "C:\Users\legion\Desktop\compliancehub\backend\venv\Lib\site-packages\rest_framework\views.py", line 480, in raise_uncaught_exception
    raise exc
  File "C:\Users\legion\Desktop\compliancehub\backend\venv\Lib\site-packages\rest_framework\views.py", line 506, in dispatch
    response = handler(request, *args, **kwargs)
               ^^^^^^^^^^^^^^^^^^^^^^^^^^^^^^^^^
  File "C:\Users\legion\Desktop\compliancehub\backend\venv\Lib\site-packages\drf_spectacular\views.py", line 84, in get
    return self._get_schema_response(request)
           ^^^^^^^^^^^^^^^^^^^^^^^^^^^^^^^^^^
  File "C:\Users\legion\Desktop\compliancehub\backend\venv\Lib\site-packages\drf_spectacular\views.py", line 92, in _get_schema_response
    data=generator.get_schema(request=request, public=self.serve_public),
         ^^^^^^^^^^^^^^^^^^^^^^^^^^^^^^^^^^^^^^^^^^^^^^^^^^^^^^^^^^^^^^^
  File "C:\Users\legion\Desktop\compliancehub\backend\venv\Lib\site-packages\drf_spectacular\generators.py", line 281, in get_schema
    paths=self.parse(request, public),
          ^^^^^^^^^^^^^^^^^^^^^^^^^^^
  File "C:\Users\legion\Desktop\compliancehub\backend\venv\Lib\site-packages\drf_spectacular\generators.py", line 252, in parse
    operation = view.schema.get_operation(
                ^^^^^^^^^^^^^^^^^^^^^^^^^^
  File "C:\Users\legion\Desktop\compliancehub\backend\venv\Lib\site-packages\drf_spectacular\openapi.py", line 111, in get_operation
    operation['responses'] = self._get_response_bodies()
                             ^^^^^^^^^^^^^^^^^^^^^^^^^^^
  File "C:\Users\legion\Desktop\compliancehub\backend\venv\Lib\site-packages\drf_spectacular\openapi.py", line 1367, in _get_response_bodies
    return {'200': self._get_response_for_code(response_serializers, '200', direction=direction)}
                   ^^^^^^^^^^^^^^^^^^^^^^^^^^^^^^^^^^^^^^^^^^^^^^^^^^^^^^^^^^^^^^^^^^^^^^^^^^^^^
  File "C:\Users\legion\Desktop\compliancehub\backend\venv\Lib\site-packages\drf_spectacular\openapi.py", line 1423, in _get_response_for_code
    component = self.resolve_serializer(serializer, direction)
                ^^^^^^^^^^^^^^^^^^^^^^^^^^^^^^^^^^^^^^^^^^^^^^
  File "C:\Users\legion\Desktop\compliancehub\backend\venv\Lib\site-packages\drf_spectacular\openapi.py", line 1605, in resolve_serializer
    component.schema = self._map_serializer(serializer, direction, bypass_extensions)
                       ^^^^^^^^^^^^^^^^^^^^^^^^^^^^^^^^^^^^^^^^^^^^^^^^^^^^^^^^^^^^^^
  File "C:\Users\legion\Desktop\compliancehub\backend\venv\Lib\site-packages\drf_spectacular\openapi.py", line 927, in _map_serializer
    schema = self._map_basic_serializer(serializer, direction)
             ^^^^^^^^^^^^^^^^^^^^^^^^^^^^^^^^^^^^^^^^^^^^^^^^^
  File "C:\Users\legion\Desktop\compliancehub\backend\venv\Lib\site-packages\drf_spectacular\openapi.py", line 1020, in _map_basic_serializer
    for field in serializer.fields.values():
                 ^^^^^^^^^^^^^^^^^
  File "C:\Users\legion\Desktop\compliancehub\backend\venv\Lib\site-packages\django\utils\functional.py", line 57, in __get__
    res = instance.__dict__[self.name] = self.func(instance)
                                         ^^^^^^^^^^^^^^^^^^^
  File "C:\Users\legion\Desktop\compliancehub\backend\venv\Lib\site-packages\rest_framework\serializers.py", line 356, in fields
    for key, value in self.get_fields().items():
                      ^^^^^^^^^^^^^^^^^
  File "C:\Users\legion\Desktop\compliancehub\backend\venv\Lib\site-packages\rest_framework\serializers.py", line 1052, in get_fields
    field_names = self.get_field_names(declared_fields, info)
                  ^^^^^^^^^^^^^^^^^^^^^^^^^^^^^^^^^^^^^^^^^^^
  File "C:\Users\legion\Desktop\compliancehub\backend\venv\Lib\site-packages\rest_framework\serializers.py", line 1148, in get_field_names
    assert field_name in fields, (
AssertionError: The field 'is_certification_expired' was declared on serializer RiskMatrixSerializer, but has not been included in the 'fields' option.
INFO 2026-02-16 19:45:08,171 middleware GET /api/schema/ - 500
ERROR 2026-02-16 19:45:08,172 basehttp "GET /api/schema/ HTTP/1.1" 500 194820
ERROR 2026-02-16 19:45:08,542 log Internal Server Error: /api/schema/
Traceback (most recent call last):
  File "C:\Users\legion\Desktop\compliancehub\backend\venv\Lib\site-packages\django\core\handlers\exception.py", line 55, in inner
    response = get_response(request)
               ^^^^^^^^^^^^^^^^^^^^^
  File "C:\Users\legion\Desktop\compliancehub\backend\venv\Lib\site-packages\django\core\handlers\base.py", line 197, in _get_response
    response = wrapped_callback(request, *callback_args, **callback_kwargs)
               ^^^^^^^^^^^^^^^^^^^^^^^^^^^^^^^^^^^^^^^^^^^^^^^^^^^^^^^^^^^^
  File "C:\Python311\Lib\contextlib.py", line 81, in inner
    return func(*args, **kwds)
           ^^^^^^^^^^^^^^^^^^^
  File "C:\Users\legion\Desktop\compliancehub\backend\venv\Lib\site-packages\django\views\decorators\csrf.py", line 56, in wrapper_view
    return view_func(*args, **kwargs)
           ^^^^^^^^^^^^^^^^^^^^^^^^^^
  File "C:\Users\legion\Desktop\compliancehub\backend\venv\Lib\site-packages\django\views\generic\base.py", line 104, in view
    return self.dispatch(request, *args, **kwargs)
           ^^^^^^^^^^^^^^^^^^^^^^^^^^^^^^^^^^^^^^^
  File "C:\Users\legion\Desktop\compliancehub\backend\venv\Lib\site-packages\rest_framework\views.py", line 509, in dispatch
    response = self.handle_exception(exc)
               ^^^^^^^^^^^^^^^^^^^^^^^^^^
  File "C:\Users\legion\Desktop\compliancehub\backend\venv\Lib\site-packages\rest_framework\views.py", line 469, in handle_exception
    self.raise_uncaught_exception(exc)
  File "C:\Users\legion\Desktop\compliancehub\backend\venv\Lib\site-packages\rest_framework\views.py", line 480, in raise_uncaught_exception
    raise exc
  File "C:\Users\legion\Desktop\compliancehub\backend\venv\Lib\site-packages\rest_framework\views.py", line 506, in dispatch
    response = handler(request, *args, **kwargs)
               ^^^^^^^^^^^^^^^^^^^^^^^^^^^^^^^^^
  File "C:\Users\legion\Desktop\compliancehub\backend\venv\Lib\site-packages\drf_spectacular\views.py", line 84, in get
    return self._get_schema_response(request)
           ^^^^^^^^^^^^^^^^^^^^^^^^^^^^^^^^^^
  File "C:\Users\legion\Desktop\compliancehub\backend\venv\Lib\site-packages\drf_spectacular\views.py", line 92, in _get_schema_response
    data=generator.get_schema(request=request, public=self.serve_public),
         ^^^^^^^^^^^^^^^^^^^^^^^^^^^^^^^^^^^^^^^^^^^^^^^^^^^^^^^^^^^^^^^
  File "C:\Users\legion\Desktop\compliancehub\backend\venv\Lib\site-packages\drf_spectacular\generators.py", line 281, in get_schema
    paths=self.parse(request, public),
          ^^^^^^^^^^^^^^^^^^^^^^^^^^^
  File "C:\Users\legion\Desktop\compliancehub\backend\venv\Lib\site-packages\drf_spectacular\generators.py", line 252, in parse
    operation = view.schema.get_operation(
                ^^^^^^^^^^^^^^^^^^^^^^^^^^
  File "C:\Users\legion\Desktop\compliancehub\backend\venv\Lib\site-packages\drf_spectacular\openapi.py", line 111, in get_operation
    operation['responses'] = self._get_response_bodies()
                             ^^^^^^^^^^^^^^^^^^^^^^^^^^^
  File "C:\Users\legion\Desktop\compliancehub\backend\venv\Lib\site-packages\drf_spectacular\openapi.py", line 1367, in _get_response_bodies
    return {'200': self._get_response_for_code(response_serializers, '200', direction=direction)}
                   ^^^^^^^^^^^^^^^^^^^^^^^^^^^^^^^^^^^^^^^^^^^^^^^^^^^^^^^^^^^^^^^^^^^^^^^^^^^^^
  File "C:\Users\legion\Desktop\compliancehub\backend\venv\Lib\site-packages\drf_spectacular\openapi.py", line 1423, in _get_response_for_code
    component = self.resolve_serializer(serializer, direction)
                ^^^^^^^^^^^^^^^^^^^^^^^^^^^^^^^^^^^^^^^^^^^^^^
  File "C:\Users\legion\Desktop\compliancehub\backend\venv\Lib\site-packages\drf_spectacular\openapi.py", line 1605, in resolve_serializer
    component.schema = self._map_serializer(serializer, direction, bypass_extensions)
                       ^^^^^^^^^^^^^^^^^^^^^^^^^^^^^^^^^^^^^^^^^^^^^^^^^^^^^^^^^^^^^^
  File "C:\Users\legion\Desktop\compliancehub\backend\venv\Lib\site-packages\drf_spectacular\openapi.py", line 927, in _map_serializer
    schema = self._map_basic_serializer(serializer, direction)
             ^^^^^^^^^^^^^^^^^^^^^^^^^^^^^^^^^^^^^^^^^^^^^^^^^
  File "C:\Users\legion\Desktop\compliancehub\backend\venv\Lib\site-packages\drf_spectacular\openapi.py", line 1020, in _map_basic_serializer
    for field in serializer.fields.values():
                 ^^^^^^^^^^^^^^^^^
  File "C:\Users\legion\Desktop\compliancehub\backend\venv\Lib\site-packages\django\utils\functional.py", line 57, in __get__
    res = instance.__dict__[self.name] = self.func(instance)
                                         ^^^^^^^^^^^^^^^^^^^
  File "C:\Users\legion\Desktop\compliancehub\backend\venv\Lib\site-packages\rest_framework\serializers.py", line 356, in fields
    for key, value in self.get_fields().items():
                      ^^^^^^^^^^^^^^^^^
  File "C:\Users\legion\Desktop\compliancehub\backend\venv\Lib\site-packages\rest_framework\serializers.py", line 1052, in get_fields
    field_names = self.get_field_names(declared_fields, info)
                  ^^^^^^^^^^^^^^^^^^^^^^^^^^^^^^^^^^^^^^^^^^^
  File "C:\Users\legion\Desktop\compliancehub\backend\venv\Lib\site-packages\rest_framework\serializers.py", line 1148, in get_field_names
    assert field_name in fields, (
AssertionError: The field 'is_certification_expired' was declared on serializer RiskMatrixSerializer, but has not been included in the 'fields' option.
INFO 2026-02-16 19:45:08,547 middleware GET /api/schema/ - 500
ERROR 2026-02-16 19:45:08,547 basehttp "GET /api/schema/ HTTP/1.1" 500 194820
INFO 2026-02-16 19:46:46,120 autoreload C:\Users\legion\Desktop\compliancehub\backend\compliance\serializers.py changed, reloading.
INFO 2026-02-16 19:46:46,926 autoreload Watching for file changes with StatReloader
INFO 2026-02-16 19:49:06,313 autoreload C:\Users\legion\Desktop\compliancehub\backend\compliance\serializers.py changed, reloading.
INFO 2026-02-16 19:49:07,481 autoreload Watching for file changes with StatReloader
INFO 2026-02-16 19:49:12,716 middleware GET /api/docs/ - 200
INFO 2026-02-16 19:49:12,718 basehttp "GET /api/docs/ HTTP/1.1" 200 4472
ERROR 2026-02-16 19:49:13,179 log Internal Server Error: /api/schema/
Traceback (most recent call last):
  File "C:\Users\legion\Desktop\compliancehub\backend\venv\Lib\site-packages\django\core\handlers\exception.py", line 55, in inner
    response = get_response(request)
               ^^^^^^^^^^^^^^^^^^^^^
  File "C:\Users\legion\Desktop\compliancehub\backend\venv\Lib\site-packages\django\core\handlers\base.py", line 197, in _get_response
    response = wrapped_callback(request, *callback_args, **callback_kwargs)
               ^^^^^^^^^^^^^^^^^^^^^^^^^^^^^^^^^^^^^^^^^^^^^^^^^^^^^^^^^^^^
  File "C:\Python311\Lib\contextlib.py", line 81, in inner
    return func(*args, **kwds)
           ^^^^^^^^^^^^^^^^^^^
  File "C:\Users\legion\Desktop\compliancehub\backend\venv\Lib\site-packages\django\views\decorators\csrf.py", line 56, in wrapper_view
    return view_func(*args, **kwargs)
           ^^^^^^^^^^^^^^^^^^^^^^^^^^
  File "C:\Users\legion\Desktop\compliancehub\backend\venv\Lib\site-packages\django\views\generic\base.py", line 104, in view
    return self.dispatch(request, *args, **kwargs)
           ^^^^^^^^^^^^^^^^^^^^^^^^^^^^^^^^^^^^^^^
  File "C:\Users\legion\Desktop\compliancehub\backend\venv\Lib\site-packages\rest_framework\views.py", line 509, in dispatch
    response = self.handle_exception(exc)
               ^^^^^^^^^^^^^^^^^^^^^^^^^^
  File "C:\Users\legion\Desktop\compliancehub\backend\venv\Lib\site-packages\rest_framework\views.py", line 469, in handle_exception
    self.raise_uncaught_exception(exc)
  File "C:\Users\legion\Desktop\compliancehub\backend\venv\Lib\site-packages\rest_framework\views.py", line 480, in raise_uncaught_exception
    raise exc
  File "C:\Users\legion\Desktop\compliancehub\backend\venv\Lib\site-packages\rest_framework\views.py", line 506, in dispatch
    response = handler(request, *args, **kwargs)
               ^^^^^^^^^^^^^^^^^^^^^^^^^^^^^^^^^
  File "C:\Users\legion\Desktop\compliancehub\backend\venv\Lib\site-packages\drf_spectacular\views.py", line 84, in get
    return self._get_schema_response(request)
           ^^^^^^^^^^^^^^^^^^^^^^^^^^^^^^^^^^
  File "C:\Users\legion\Desktop\compliancehub\backend\venv\Lib\site-packages\drf_spectacular\views.py", line 92, in _get_schema_response
    data=generator.get_schema(request=request, public=self.serve_public),
         ^^^^^^^^^^^^^^^^^^^^^^^^^^^^^^^^^^^^^^^^^^^^^^^^^^^^^^^^^^^^^^^
  File "C:\Users\legion\Desktop\compliancehub\backend\venv\Lib\site-packages\drf_spectacular\generators.py", line 281, in get_schema
    paths=self.parse(request, public),
          ^^^^^^^^^^^^^^^^^^^^^^^^^^^
  File "C:\Users\legion\Desktop\compliancehub\backend\venv\Lib\site-packages\drf_spectacular\generators.py", line 252, in parse
    operation = view.schema.get_operation(
                ^^^^^^^^^^^^^^^^^^^^^^^^^^
  File "C:\Users\legion\Desktop\compliancehub\backend\venv\Lib\site-packages\drf_spectacular\openapi.py", line 99, in get_operation
    request_body = self._get_request_body()
                   ^^^^^^^^^^^^^^^^^^^^^^^^
  File "C:\Users\legion\Desktop\compliancehub\backend\venv\Lib\site-packages\drf_spectacular\openapi.py", line 1295, in _get_request_body
    schema, partial_request_body_required = self._get_request_for_media_type(serializer, direction)
                                            ^^^^^^^^^^^^^^^^^^^^^^^^^^^^^^^^^^^^^^^^^^^^^^^^^^^^^^^
  File "C:\Users\legion\Desktop\compliancehub\backend\venv\Lib\site-packages\drf_spectacular\openapi.py", line 1327, in _get_request_for_media_type
    component = self.resolve_serializer(serializer, direction)
                ^^^^^^^^^^^^^^^^^^^^^^^^^^^^^^^^^^^^^^^^^^^^^^
  File "C:\Users\legion\Desktop\compliancehub\backend\venv\Lib\site-packages\drf_spectacular\openapi.py", line 1605, in resolve_serializer
    component.schema = self._map_serializer(serializer, direction, bypass_extensions)
                       ^^^^^^^^^^^^^^^^^^^^^^^^^^^^^^^^^^^^^^^^^^^^^^^^^^^^^^^^^^^^^^
  File "C:\Users\legion\Desktop\compliancehub\backend\venv\Lib\site-packages\drf_spectacular\openapi.py", line 927, in _map_serializer
    schema = self._map_basic_serializer(serializer, direction)
             ^^^^^^^^^^^^^^^^^^^^^^^^^^^^^^^^^^^^^^^^^^^^^^^^^
  File "C:\Users\legion\Desktop\compliancehub\backend\venv\Lib\site-packages\drf_spectacular\openapi.py", line 1020, in _map_basic_serializer
    for field in serializer.fields.values():
                 ^^^^^^^^^^^^^^^^^
  File "C:\Users\legion\Desktop\compliancehub\backend\venv\Lib\site-packages\django\utils\functional.py", line 57, in __get__
    res = instance.__dict__[self.name] = self.func(instance)
                                         ^^^^^^^^^^^^^^^^^^^
  File "C:\Users\legion\Desktop\compliancehub\backend\venv\Lib\site-packages\rest_framework\serializers.py", line 356, in fields
    for key, value in self.get_fields().items():
                      ^^^^^^^^^^^^^^^^^
  File "C:\Users\legion\Desktop\compliancehub\backend\venv\Lib\site-packages\rest_framework\serializers.py", line 1076, in get_fields
    field_class, field_kwargs = self.build_field(
                                ^^^^^^^^^^^^^^^^^
  File "C:\Users\legion\Desktop\compliancehub\backend\venv\Lib\site-packages\rest_framework\serializers.py", line 1222, in build_field
    return self.build_unknown_field(field_name, model_class)
           ^^^^^^^^^^^^^^^^^^^^^^^^^^^^^^^^^^^^^^^^^^^^^^^^^
  File "C:\Users\legion\Desktop\compliancehub\backend\venv\Lib\site-packages\rest_framework\serializers.py", line 1340, in build_unknown_field
    raise ImproperlyConfigured(
django.core.exceptions.ImproperlyConfigured: Field name `is_certification_expired` is not valid for model `ComplianceResult`.
INFO 2026-02-16 19:49:13,188 middleware GET /api/schema/ - 500
ERROR 2026-02-16 19:49:13,189 basehttp "GET /api/schema/ HTTP/1.1" 500 206987
ERROR 2026-02-16 19:49:13,429 log Internal Server Error: /api/schema/
Traceback (most recent call last):
  File "C:\Users\legion\Desktop\compliancehub\backend\venv\Lib\site-packages\django\core\handlers\exception.py", line 55, in inner
    response = get_response(request)
               ^^^^^^^^^^^^^^^^^^^^^
  File "C:\Users\legion\Desktop\compliancehub\backend\venv\Lib\site-packages\django\core\handlers\base.py", line 197, in _get_response
    response = wrapped_callback(request, *callback_args, **callback_kwargs)
               ^^^^^^^^^^^^^^^^^^^^^^^^^^^^^^^^^^^^^^^^^^^^^^^^^^^^^^^^^^^^
  File "C:\Python311\Lib\contextlib.py", line 81, in inner
    return func(*args, **kwds)
           ^^^^^^^^^^^^^^^^^^^
  File "C:\Users\legion\Desktop\compliancehub\backend\venv\Lib\site-packages\django\views\decorators\csrf.py", line 56, in wrapper_view
    return view_func(*args, **kwargs)
           ^^^^^^^^^^^^^^^^^^^^^^^^^^
  File "C:\Users\legion\Desktop\compliancehub\backend\venv\Lib\site-packages\django\views\generic\base.py", line 104, in view
    return self.dispatch(request, *args, **kwargs)
           ^^^^^^^^^^^^^^^^^^^^^^^^^^^^^^^^^^^^^^^
  File "C:\Users\legion\Desktop\compliancehub\backend\venv\Lib\site-packages\rest_framework\views.py", line 509, in dispatch
    response = self.handle_exception(exc)
               ^^^^^^^^^^^^^^^^^^^^^^^^^^
  File "C:\Users\legion\Desktop\compliancehub\backend\venv\Lib\site-packages\rest_framework\views.py", line 469, in handle_exception
    self.raise_uncaught_exception(exc)
  File "C:\Users\legion\Desktop\compliancehub\backend\venv\Lib\site-packages\rest_framework\views.py", line 480, in raise_uncaught_exception
    raise exc
  File "C:\Users\legion\Desktop\compliancehub\backend\venv\Lib\site-packages\rest_framework\views.py", line 506, in dispatch
    response = handler(request, *args, **kwargs)
               ^^^^^^^^^^^^^^^^^^^^^^^^^^^^^^^^^
  File "C:\Users\legion\Desktop\compliancehub\backend\venv\Lib\site-packages\drf_spectacular\views.py", line 84, in get
    return self._get_schema_response(request)
           ^^^^^^^^^^^^^^^^^^^^^^^^^^^^^^^^^^
  File "C:\Users\legion\Desktop\compliancehub\backend\venv\Lib\site-packages\drf_spectacular\views.py", line 92, in _get_schema_response
    data=generator.get_schema(request=request, public=self.serve_public),
         ^^^^^^^^^^^^^^^^^^^^^^^^^^^^^^^^^^^^^^^^^^^^^^^^^^^^^^^^^^^^^^^
  File "C:\Users\legion\Desktop\compliancehub\backend\venv\Lib\site-packages\drf_spectacular\generators.py", line 281, in get_schema
    paths=self.parse(request, public),
          ^^^^^^^^^^^^^^^^^^^^^^^^^^^
  File "C:\Users\legion\Desktop\compliancehub\backend\venv\Lib\site-packages\drf_spectacular\generators.py", line 252, in parse
    operation = view.schema.get_operation(
                ^^^^^^^^^^^^^^^^^^^^^^^^^^
  File "C:\Users\legion\Desktop\compliancehub\backend\venv\Lib\site-packages\drf_spectacular\openapi.py", line 99, in get_operation
    request_body = self._get_request_body()
                   ^^^^^^^^^^^^^^^^^^^^^^^^
  File "C:\Users\legion\Desktop\compliancehub\backend\venv\Lib\site-packages\drf_spectacular\openapi.py", line 1295, in _get_request_body
    schema, partial_request_body_required = self._get_request_for_media_type(serializer, direction)
                                            ^^^^^^^^^^^^^^^^^^^^^^^^^^^^^^^^^^^^^^^^^^^^^^^^^^^^^^^
  File "C:\Users\legion\Desktop\compliancehub\backend\venv\Lib\site-packages\drf_spectacular\openapi.py", line 1327, in _get_request_for_media_type
    component = self.resolve_serializer(serializer, direction)
                ^^^^^^^^^^^^^^^^^^^^^^^^^^^^^^^^^^^^^^^^^^^^^^
  File "C:\Users\legion\Desktop\compliancehub\backend\venv\Lib\site-packages\drf_spectacular\openapi.py", line 1605, in resolve_serializer
    component.schema = self._map_serializer(serializer, direction, bypass_extensions)
                       ^^^^^^^^^^^^^^^^^^^^^^^^^^^^^^^^^^^^^^^^^^^^^^^^^^^^^^^^^^^^^^
  File "C:\Users\legion\Desktop\compliancehub\backend\venv\Lib\site-packages\drf_spectacular\openapi.py", line 927, in _map_serializer
    schema = self._map_basic_serializer(serializer, direction)
             ^^^^^^^^^^^^^^^^^^^^^^^^^^^^^^^^^^^^^^^^^^^^^^^^^
  File "C:\Users\legion\Desktop\compliancehub\backend\venv\Lib\site-packages\drf_spectacular\openapi.py", line 1020, in _map_basic_serializer
    for field in serializer.fields.values():
                 ^^^^^^^^^^^^^^^^^
  File "C:\Users\legion\Desktop\compliancehub\backend\venv\Lib\site-packages\django\utils\functional.py", line 57, in __get__
    res = instance.__dict__[self.name] = self.func(instance)
                                         ^^^^^^^^^^^^^^^^^^^
  File "C:\Users\legion\Desktop\compliancehub\backend\venv\Lib\site-packages\rest_framework\serializers.py", line 356, in fields
    for key, value in self.get_fields().items():
                      ^^^^^^^^^^^^^^^^^
  File "C:\Users\legion\Desktop\compliancehub\backend\venv\Lib\site-packages\rest_framework\serializers.py", line 1076, in get_fields
    field_class, field_kwargs = self.build_field(
                                ^^^^^^^^^^^^^^^^^
  File "C:\Users\legion\Desktop\compliancehub\backend\venv\Lib\site-packages\rest_framework\serializers.py", line 1222, in build_field
    return self.build_unknown_field(field_name, model_class)
           ^^^^^^^^^^^^^^^^^^^^^^^^^^^^^^^^^^^^^^^^^^^^^^^^^
  File "C:\Users\legion\Desktop\compliancehub\backend\venv\Lib\site-packages\rest_framework\serializers.py", line 1340, in build_unknown_field
    raise ImproperlyConfigured(
django.core.exceptions.ImproperlyConfigured: Field name `is_certification_expired` is not valid for model `ComplianceResult`.
INFO 2026-02-16 19:49:13,435 middleware GET /api/schema/ - 500
ERROR 2026-02-16 19:49:13,437 basehttp "GET /api/schema/ HTTP/1.1" 500 206987
INFO 2026-02-16 19:49:32,609 autoreload Watching for file changes with StatReloader
INFO 2026-02-16 19:49:35,386 middleware GET /api/docs/ - 200
INFO 2026-02-16 19:49:35,387 basehttp "GET /api/docs/ HTTP/1.1" 200 4472
ERROR 2026-02-16 19:49:35,755 log Internal Server Error: /api/schema/
Traceback (most recent call last):
  File "C:\Users\legion\Desktop\compliancehub\backend\venv\Lib\site-packages\django\core\handlers\exception.py", line 55, in inner
    response = get_response(request)
               ^^^^^^^^^^^^^^^^^^^^^
  File "C:\Users\legion\Desktop\compliancehub\backend\venv\Lib\site-packages\django\core\handlers\base.py", line 197, in _get_response
    response = wrapped_callback(request, *callback_args, **callback_kwargs)
               ^^^^^^^^^^^^^^^^^^^^^^^^^^^^^^^^^^^^^^^^^^^^^^^^^^^^^^^^^^^^
  File "C:\Python311\Lib\contextlib.py", line 81, in inner
    return func(*args, **kwds)
           ^^^^^^^^^^^^^^^^^^^
  File "C:\Users\legion\Desktop\compliancehub\backend\venv\Lib\site-packages\django\views\decorators\csrf.py", line 56, in wrapper_view
    return view_func(*args, **kwargs)
           ^^^^^^^^^^^^^^^^^^^^^^^^^^
  File "C:\Users\legion\Desktop\compliancehub\backend\venv\Lib\site-packages\django\views\generic\base.py", line 104, in view
    return self.dispatch(request, *args, **kwargs)
           ^^^^^^^^^^^^^^^^^^^^^^^^^^^^^^^^^^^^^^^
  File "C:\Users\legion\Desktop\compliancehub\backend\venv\Lib\site-packages\rest_framework\views.py", line 509, in dispatch
    response = self.handle_exception(exc)
               ^^^^^^^^^^^^^^^^^^^^^^^^^^
  File "C:\Users\legion\Desktop\compliancehub\backend\venv\Lib\site-packages\rest_framework\views.py", line 469, in handle_exception
    self.raise_uncaught_exception(exc)
  File "C:\Users\legion\Desktop\compliancehub\backend\venv\Lib\site-packages\rest_framework\views.py", line 480, in raise_uncaught_exception
    raise exc
  File "C:\Users\legion\Desktop\compliancehub\backend\venv\Lib\site-packages\rest_framework\views.py", line 506, in dispatch
    response = handler(request, *args, **kwargs)
               ^^^^^^^^^^^^^^^^^^^^^^^^^^^^^^^^^
  File "C:\Users\legion\Desktop\compliancehub\backend\venv\Lib\site-packages\drf_spectacular\views.py", line 84, in get
    return self._get_schema_response(request)
           ^^^^^^^^^^^^^^^^^^^^^^^^^^^^^^^^^^
  File "C:\Users\legion\Desktop\compliancehub\backend\venv\Lib\site-packages\drf_spectacular\views.py", line 92, in _get_schema_response
    data=generator.get_schema(request=request, public=self.serve_public),
         ^^^^^^^^^^^^^^^^^^^^^^^^^^^^^^^^^^^^^^^^^^^^^^^^^^^^^^^^^^^^^^^
  File "C:\Users\legion\Desktop\compliancehub\backend\venv\Lib\site-packages\drf_spectacular\generators.py", line 281, in get_schema
    paths=self.parse(request, public),
          ^^^^^^^^^^^^^^^^^^^^^^^^^^^
  File "C:\Users\legion\Desktop\compliancehub\backend\venv\Lib\site-packages\drf_spectacular\generators.py", line 252, in parse
    operation = view.schema.get_operation(
                ^^^^^^^^^^^^^^^^^^^^^^^^^^
  File "C:\Users\legion\Desktop\compliancehub\backend\venv\Lib\site-packages\drf_spectacular\openapi.py", line 99, in get_operation
    request_body = self._get_request_body()
                   ^^^^^^^^^^^^^^^^^^^^^^^^
  File "C:\Users\legion\Desktop\compliancehub\backend\venv\Lib\site-packages\drf_spectacular\openapi.py", line 1295, in _get_request_body
    schema, partial_request_body_required = self._get_request_for_media_type(serializer, direction)
                                            ^^^^^^^^^^^^^^^^^^^^^^^^^^^^^^^^^^^^^^^^^^^^^^^^^^^^^^^
  File "C:\Users\legion\Desktop\compliancehub\backend\venv\Lib\site-packages\drf_spectacular\openapi.py", line 1327, in _get_request_for_media_type
    component = self.resolve_serializer(serializer, direction)
                ^^^^^^^^^^^^^^^^^^^^^^^^^^^^^^^^^^^^^^^^^^^^^^
  File "C:\Users\legion\Desktop\compliancehub\backend\venv\Lib\site-packages\drf_spectacular\openapi.py", line 1605, in resolve_serializer
    component.schema = self._map_serializer(serializer, direction, bypass_extensions)
                       ^^^^^^^^^^^^^^^^^^^^^^^^^^^^^^^^^^^^^^^^^^^^^^^^^^^^^^^^^^^^^^
  File "C:\Users\legion\Desktop\compliancehub\backend\venv\Lib\site-packages\drf_spectacular\openapi.py", line 927, in _map_serializer
    schema = self._map_basic_serializer(serializer, direction)
             ^^^^^^^^^^^^^^^^^^^^^^^^^^^^^^^^^^^^^^^^^^^^^^^^^
  File "C:\Users\legion\Desktop\compliancehub\backend\venv\Lib\site-packages\drf_spectacular\openapi.py", line 1020, in _map_basic_serializer
    for field in serializer.fields.values():
                 ^^^^^^^^^^^^^^^^^
  File "C:\Users\legion\Desktop\compliancehub\backend\venv\Lib\site-packages\django\utils\functional.py", line 57, in __get__
    res = instance.__dict__[self.name] = self.func(instance)
                                         ^^^^^^^^^^^^^^^^^^^
  File "C:\Users\legion\Desktop\compliancehub\backend\venv\Lib\site-packages\rest_framework\serializers.py", line 356, in fields
    for key, value in self.get_fields().items():
                      ^^^^^^^^^^^^^^^^^
  File "C:\Users\legion\Desktop\compliancehub\backend\venv\Lib\site-packages\rest_framework\serializers.py", line 1076, in get_fields
    field_class, field_kwargs = self.build_field(
                                ^^^^^^^^^^^^^^^^^
  File "C:\Users\legion\Desktop\compliancehub\backend\venv\Lib\site-packages\rest_framework\serializers.py", line 1222, in build_field
    return self.build_unknown_field(field_name, model_class)
           ^^^^^^^^^^^^^^^^^^^^^^^^^^^^^^^^^^^^^^^^^^^^^^^^^
  File "C:\Users\legion\Desktop\compliancehub\backend\venv\Lib\site-packages\rest_framework\serializers.py", line 1340, in build_unknown_field
    raise ImproperlyConfigured(
django.core.exceptions.ImproperlyConfigured: Field name `is_certification_expired` is not valid for model `ComplianceResult`.
INFO 2026-02-16 19:49:35,763 middleware GET /api/schema/ - 500
ERROR 2026-02-16 19:49:35,764 basehttp "GET /api/schema/ HTTP/1.1" 500 206987
ERROR 2026-02-16 19:49:35,987 log Internal Server Error: /api/schema/
Traceback (most recent call last):
  File "C:\Users\legion\Desktop\compliancehub\backend\venv\Lib\site-packages\django\core\handlers\exception.py", line 55, in inner
    response = get_response(request)
               ^^^^^^^^^^^^^^^^^^^^^
  File "C:\Users\legion\Desktop\compliancehub\backend\venv\Lib\site-packages\django\core\handlers\base.py", line 197, in _get_response
    response = wrapped_callback(request, *callback_args, **callback_kwargs)
               ^^^^^^^^^^^^^^^^^^^^^^^^^^^^^^^^^^^^^^^^^^^^^^^^^^^^^^^^^^^^
  File "C:\Python311\Lib\contextlib.py", line 81, in inner
    return func(*args, **kwds)
           ^^^^^^^^^^^^^^^^^^^
  File "C:\Users\legion\Desktop\compliancehub\backend\venv\Lib\site-packages\django\views\decorators\csrf.py", line 56, in wrapper_view
    return view_func(*args, **kwargs)
           ^^^^^^^^^^^^^^^^^^^^^^^^^^
  File "C:\Users\legion\Desktop\compliancehub\backend\venv\Lib\site-packages\django\views\generic\base.py", line 104, in view
    return self.dispatch(request, *args, **kwargs)
           ^^^^^^^^^^^^^^^^^^^^^^^^^^^^^^^^^^^^^^^
  File "C:\Users\legion\Desktop\compliancehub\backend\venv\Lib\site-packages\rest_framework\views.py", line 509, in dispatch
    response = self.handle_exception(exc)
               ^^^^^^^^^^^^^^^^^^^^^^^^^^
  File "C:\Users\legion\Desktop\compliancehub\backend\venv\Lib\site-packages\rest_framework\views.py", line 469, in handle_exception
    self.raise_uncaught_exception(exc)
  File "C:\Users\legion\Desktop\compliancehub\backend\venv\Lib\site-packages\rest_framework\views.py", line 480, in raise_uncaught_exception
    raise exc
  File "C:\Users\legion\Desktop\compliancehub\backend\venv\Lib\site-packages\rest_framework\views.py", line 506, in dispatch
    response = handler(request, *args, **kwargs)
               ^^^^^^^^^^^^^^^^^^^^^^^^^^^^^^^^^
  File "C:\Users\legion\Desktop\compliancehub\backend\venv\Lib\site-packages\drf_spectacular\views.py", line 84, in get
    return self._get_schema_response(request)
           ^^^^^^^^^^^^^^^^^^^^^^^^^^^^^^^^^^
  File "C:\Users\legion\Desktop\compliancehub\backend\venv\Lib\site-packages\drf_spectacular\views.py", line 92, in _get_schema_response
    data=generator.get_schema(request=request, public=self.serve_public),
         ^^^^^^^^^^^^^^^^^^^^^^^^^^^^^^^^^^^^^^^^^^^^^^^^^^^^^^^^^^^^^^^
  File "C:\Users\legion\Desktop\compliancehub\backend\venv\Lib\site-packages\drf_spectacular\generators.py", line 281, in get_schema
    paths=self.parse(request, public),
          ^^^^^^^^^^^^^^^^^^^^^^^^^^^
  File "C:\Users\legion\Desktop\compliancehub\backend\venv\Lib\site-packages\drf_spectacular\generators.py", line 252, in parse
    operation = view.schema.get_operation(
                ^^^^^^^^^^^^^^^^^^^^^^^^^^
  File "C:\Users\legion\Desktop\compliancehub\backend\venv\Lib\site-packages\drf_spectacular\openapi.py", line 99, in get_operation
    request_body = self._get_request_body()
                   ^^^^^^^^^^^^^^^^^^^^^^^^
  File "C:\Users\legion\Desktop\compliancehub\backend\venv\Lib\site-packages\drf_spectacular\openapi.py", line 1295, in _get_request_body
    schema, partial_request_body_required = self._get_request_for_media_type(serializer, direction)
                                            ^^^^^^^^^^^^^^^^^^^^^^^^^^^^^^^^^^^^^^^^^^^^^^^^^^^^^^^
  File "C:\Users\legion\Desktop\compliancehub\backend\venv\Lib\site-packages\drf_spectacular\openapi.py", line 1327, in _get_request_for_media_type
    component = self.resolve_serializer(serializer, direction)
                ^^^^^^^^^^^^^^^^^^^^^^^^^^^^^^^^^^^^^^^^^^^^^^
  File "C:\Users\legion\Desktop\compliancehub\backend\venv\Lib\site-packages\drf_spectacular\openapi.py", line 1605, in resolve_serializer
    component.schema = self._map_serializer(serializer, direction, bypass_extensions)
                       ^^^^^^^^^^^^^^^^^^^^^^^^^^^^^^^^^^^^^^^^^^^^^^^^^^^^^^^^^^^^^^
  File "C:\Users\legion\Desktop\compliancehub\backend\venv\Lib\site-packages\drf_spectacular\openapi.py", line 927, in _map_serializer
    schema = self._map_basic_serializer(serializer, direction)
             ^^^^^^^^^^^^^^^^^^^^^^^^^^^^^^^^^^^^^^^^^^^^^^^^^
  File "C:\Users\legion\Desktop\compliancehub\backend\venv\Lib\site-packages\drf_spectacular\openapi.py", line 1020, in _map_basic_serializer
    for field in serializer.fields.values():
                 ^^^^^^^^^^^^^^^^^
  File "C:\Users\legion\Desktop\compliancehub\backend\venv\Lib\site-packages\django\utils\functional.py", line 57, in __get__
    res = instance.__dict__[self.name] = self.func(instance)
                                         ^^^^^^^^^^^^^^^^^^^
  File "C:\Users\legion\Desktop\compliancehub\backend\venv\Lib\site-packages\rest_framework\serializers.py", line 356, in fields
    for key, value in self.get_fields().items():
                      ^^^^^^^^^^^^^^^^^
  File "C:\Users\legion\Desktop\compliancehub\backend\venv\Lib\site-packages\rest_framework\serializers.py", line 1076, in get_fields
    field_class, field_kwargs = self.build_field(
                                ^^^^^^^^^^^^^^^^^
  File "C:\Users\legion\Desktop\compliancehub\backend\venv\Lib\site-packages\rest_framework\serializers.py", line 1222, in build_field
    return self.build_unknown_field(field_name, model_class)
           ^^^^^^^^^^^^^^^^^^^^^^^^^^^^^^^^^^^^^^^^^^^^^^^^^
  File "C:\Users\legion\Desktop\compliancehub\backend\venv\Lib\site-packages\rest_framework\serializers.py", line 1340, in build_unknown_field
    raise ImproperlyConfigured(
django.core.exceptions.ImproperlyConfigured: Field name `is_certification_expired` is not valid for model `ComplianceResult`.
INFO 2026-02-16 19:49:35,993 middleware GET /api/schema/ - 500
ERROR 2026-02-16 19:49:35,994 basehttp "GET /api/schema/ HTTP/1.1" 500 206987
INFO 2026-02-16 19:57:16,819 autoreload Watching for file changes with StatReloader
INFO 2026-02-16 19:57:20,746 middleware GET /api/docs/ - 200
INFO 2026-02-16 19:57:20,747 basehttp "GET /api/docs/ HTTP/1.1" 200 4472
ERROR 2026-02-16 19:57:21,720 log Internal Server Error: /api/schema/
Traceback (most recent call last):
  File "C:\Users\legion\Desktop\compliancehub\backend\venv\Lib\site-packages\django\core\handlers\exception.py", line 55, in inner
    response = get_response(request)
               ^^^^^^^^^^^^^^^^^^^^^
  File "C:\Users\legion\Desktop\compliancehub\backend\venv\Lib\site-packages\django\core\handlers\base.py", line 197, in _get_response
    response = wrapped_callback(request, *callback_args, **callback_kwargs)
               ^^^^^^^^^^^^^^^^^^^^^^^^^^^^^^^^^^^^^^^^^^^^^^^^^^^^^^^^^^^^
  File "C:\Python311\Lib\contextlib.py", line 81, in inner
    return func(*args, **kwds)
           ^^^^^^^^^^^^^^^^^^^
  File "C:\Users\legion\Desktop\compliancehub\backend\venv\Lib\site-packages\django\views\decorators\csrf.py", line 56, in wrapper_view
    return view_func(*args, **kwargs)
           ^^^^^^^^^^^^^^^^^^^^^^^^^^
  File "C:\Users\legion\Desktop\compliancehub\backend\venv\Lib\site-packages\django\views\generic\base.py", line 104, in view
    return self.dispatch(request, *args, **kwargs)
           ^^^^^^^^^^^^^^^^^^^^^^^^^^^^^^^^^^^^^^^
  File "C:\Users\legion\Desktop\compliancehub\backend\venv\Lib\site-packages\rest_framework\views.py", line 509, in dispatch
    response = self.handle_exception(exc)
               ^^^^^^^^^^^^^^^^^^^^^^^^^^
  File "C:\Users\legion\Desktop\compliancehub\backend\venv\Lib\site-packages\rest_framework\views.py", line 469, in handle_exception
    self.raise_uncaught_exception(exc)
  File "C:\Users\legion\Desktop\compliancehub\backend\venv\Lib\site-packages\rest_framework\views.py", line 480, in raise_uncaught_exception
    raise exc
  File "C:\Users\legion\Desktop\compliancehub\backend\venv\Lib\site-packages\rest_framework\views.py", line 506, in dispatch
    response = handler(request, *args, **kwargs)
               ^^^^^^^^^^^^^^^^^^^^^^^^^^^^^^^^^
  File "C:\Users\legion\Desktop\compliancehub\backend\venv\Lib\site-packages\drf_spectacular\views.py", line 84, in get
    return self._get_schema_response(request)
           ^^^^^^^^^^^^^^^^^^^^^^^^^^^^^^^^^^
  File "C:\Users\legion\Desktop\compliancehub\backend\venv\Lib\site-packages\drf_spectacular\views.py", line 92, in _get_schema_response
    data=generator.get_schema(request=request, public=self.serve_public),
         ^^^^^^^^^^^^^^^^^^^^^^^^^^^^^^^^^^^^^^^^^^^^^^^^^^^^^^^^^^^^^^^
  File "C:\Users\legion\Desktop\compliancehub\backend\venv\Lib\site-packages\drf_spectacular\generators.py", line 281, in get_schema
    paths=self.parse(request, public),
          ^^^^^^^^^^^^^^^^^^^^^^^^^^^
  File "C:\Users\legion\Desktop\compliancehub\backend\venv\Lib\site-packages\drf_spectacular\generators.py", line 252, in parse
    operation = view.schema.get_operation(
                ^^^^^^^^^^^^^^^^^^^^^^^^^^
  File "C:\Users\legion\Desktop\compliancehub\backend\venv\Lib\site-packages\drf_spectacular\openapi.py", line 111, in get_operation
    operation['responses'] = self._get_response_bodies()
                             ^^^^^^^^^^^^^^^^^^^^^^^^^^^
  File "C:\Users\legion\Desktop\compliancehub\backend\venv\Lib\site-packages\drf_spectacular\openapi.py", line 1367, in _get_response_bodies
    return {'200': self._get_response_for_code(response_serializers, '200', direction=direction)}
                   ^^^^^^^^^^^^^^^^^^^^^^^^^^^^^^^^^^^^^^^^^^^^^^^^^^^^^^^^^^^^^^^^^^^^^^^^^^^^^
  File "C:\Users\legion\Desktop\compliancehub\backend\venv\Lib\site-packages\drf_spectacular\openapi.py", line 1423, in _get_response_for_code
    component = self.resolve_serializer(serializer, direction)
                ^^^^^^^^^^^^^^^^^^^^^^^^^^^^^^^^^^^^^^^^^^^^^^
  File "C:\Users\legion\Desktop\compliancehub\backend\venv\Lib\site-packages\drf_spectacular\openapi.py", line 1605, in resolve_serializer
    component.schema = self._map_serializer(serializer, direction, bypass_extensions)
                       ^^^^^^^^^^^^^^^^^^^^^^^^^^^^^^^^^^^^^^^^^^^^^^^^^^^^^^^^^^^^^^
  File "C:\Users\legion\Desktop\compliancehub\backend\venv\Lib\site-packages\drf_spectacular\openapi.py", line 927, in _map_serializer
    schema = self._map_basic_serializer(serializer, direction)
             ^^^^^^^^^^^^^^^^^^^^^^^^^^^^^^^^^^^^^^^^^^^^^^^^^
  File "C:\Users\legion\Desktop\compliancehub\backend\venv\Lib\site-packages\drf_spectacular\openapi.py", line 1020, in _map_basic_serializer
    for field in serializer.fields.values():
                 ^^^^^^^^^^^^^^^^^
  File "C:\Users\legion\Desktop\compliancehub\backend\venv\Lib\site-packages\django\utils\functional.py", line 57, in __get__
    res = instance.__dict__[self.name] = self.func(instance)
                                         ^^^^^^^^^^^^^^^^^^^
  File "C:\Users\legion\Desktop\compliancehub\backend\venv\Lib\site-packages\rest_framework\serializers.py", line 356, in fields
    for key, value in self.get_fields().items():
                      ^^^^^^^^^^^^^^^^^
  File "C:\Users\legion\Desktop\compliancehub\backend\venv\Lib\site-packages\rest_framework\serializers.py", line 1052, in get_fields
    field_names = self.get_field_names(declared_fields, info)
                  ^^^^^^^^^^^^^^^^^^^^^^^^^^^^^^^^^^^^^^^^^^^
  File "C:\Users\legion\Desktop\compliancehub\backend\venv\Lib\site-packages\rest_framework\serializers.py", line 1148, in get_field_names
    assert field_name in fields, (
AssertionError: The field 'is_certification_expired' was declared on serializer RiskMatrixSerializer, but has not been included in the 'fields' option.
INFO 2026-02-16 19:57:21,731 middleware GET /api/schema/ - 500
ERROR 2026-02-16 19:57:21,734 basehttp "GET /api/schema/ HTTP/1.1" 500 196079
ERROR 2026-02-16 19:57:22,433 log Internal Server Error: /api/schema/
Traceback (most recent call last):
  File "C:\Users\legion\Desktop\compliancehub\backend\venv\Lib\site-packages\django\core\handlers\exception.py", line 55, in inner
    response = get_response(request)
               ^^^^^^^^^^^^^^^^^^^^^
  File "C:\Users\legion\Desktop\compliancehub\backend\venv\Lib\site-packages\django\core\handlers\base.py", line 197, in _get_response
    response = wrapped_callback(request, *callback_args, **callback_kwargs)
               ^^^^^^^^^^^^^^^^^^^^^^^^^^^^^^^^^^^^^^^^^^^^^^^^^^^^^^^^^^^^
  File "C:\Python311\Lib\contextlib.py", line 81, in inner
    return func(*args, **kwds)
           ^^^^^^^^^^^^^^^^^^^
  File "C:\Users\legion\Desktop\compliancehub\backend\venv\Lib\site-packages\django\views\decorators\csrf.py", line 56, in wrapper_view
    return view_func(*args, **kwargs)
           ^^^^^^^^^^^^^^^^^^^^^^^^^^
  File "C:\Users\legion\Desktop\compliancehub\backend\venv\Lib\site-packages\django\views\generic\base.py", line 104, in view
    return self.dispatch(request, *args, **kwargs)
           ^^^^^^^^^^^^^^^^^^^^^^^^^^^^^^^^^^^^^^^
  File "C:\Users\legion\Desktop\compliancehub\backend\venv\Lib\site-packages\rest_framework\views.py", line 509, in dispatch
    response = self.handle_exception(exc)
               ^^^^^^^^^^^^^^^^^^^^^^^^^^
  File "C:\Users\legion\Desktop\compliancehub\backend\venv\Lib\site-packages\rest_framework\views.py", line 469, in handle_exception
    self.raise_uncaught_exception(exc)
  File "C:\Users\legion\Desktop\compliancehub\backend\venv\Lib\site-packages\rest_framework\views.py", line 480, in raise_uncaught_exception
    raise exc
  File "C:\Users\legion\Desktop\compliancehub\backend\venv\Lib\site-packages\rest_framework\views.py", line 506, in dispatch
    response = handler(request, *args, **kwargs)
               ^^^^^^^^^^^^^^^^^^^^^^^^^^^^^^^^^
  File "C:\Users\legion\Desktop\compliancehub\backend\venv\Lib\site-packages\drf_spectacular\views.py", line 84, in get
    return self._get_schema_response(request)
           ^^^^^^^^^^^^^^^^^^^^^^^^^^^^^^^^^^
  File "C:\Users\legion\Desktop\compliancehub\backend\venv\Lib\site-packages\drf_spectacular\views.py", line 92, in _get_schema_response
    data=generator.get_schema(request=request, public=self.serve_public),
         ^^^^^^^^^^^^^^^^^^^^^^^^^^^^^^^^^^^^^^^^^^^^^^^^^^^^^^^^^^^^^^^
  File "C:\Users\legion\Desktop\compliancehub\backend\venv\Lib\site-packages\drf_spectacular\generators.py", line 281, in get_schema
    paths=self.parse(request, public),
          ^^^^^^^^^^^^^^^^^^^^^^^^^^^
  File "C:\Users\legion\Desktop\compliancehub\backend\venv\Lib\site-packages\drf_spectacular\generators.py", line 252, in parse
    operation = view.schema.get_operation(
                ^^^^^^^^^^^^^^^^^^^^^^^^^^
  File "C:\Users\legion\Desktop\compliancehub\backend\venv\Lib\site-packages\drf_spectacular\openapi.py", line 111, in get_operation
    operation['responses'] = self._get_response_bodies()
                             ^^^^^^^^^^^^^^^^^^^^^^^^^^^
  File "C:\Users\legion\Desktop\compliancehub\backend\venv\Lib\site-packages\drf_spectacular\openapi.py", line 1367, in _get_response_bodies
    return {'200': self._get_response_for_code(response_serializers, '200', direction=direction)}
                   ^^^^^^^^^^^^^^^^^^^^^^^^^^^^^^^^^^^^^^^^^^^^^^^^^^^^^^^^^^^^^^^^^^^^^^^^^^^^^
  File "C:\Users\legion\Desktop\compliancehub\backend\venv\Lib\site-packages\drf_spectacular\openapi.py", line 1423, in _get_response_for_code
    component = self.resolve_serializer(serializer, direction)
                ^^^^^^^^^^^^^^^^^^^^^^^^^^^^^^^^^^^^^^^^^^^^^^
  File "C:\Users\legion\Desktop\compliancehub\backend\venv\Lib\site-packages\drf_spectacular\openapi.py", line 1605, in resolve_serializer
    component.schema = self._map_serializer(serializer, direction, bypass_extensions)
                       ^^^^^^^^^^^^^^^^^^^^^^^^^^^^^^^^^^^^^^^^^^^^^^^^^^^^^^^^^^^^^^
  File "C:\Users\legion\Desktop\compliancehub\backend\venv\Lib\site-packages\drf_spectacular\openapi.py", line 927, in _map_serializer
    schema = self._map_basic_serializer(serializer, direction)
             ^^^^^^^^^^^^^^^^^^^^^^^^^^^^^^^^^^^^^^^^^^^^^^^^^
  File "C:\Users\legion\Desktop\compliancehub\backend\venv\Lib\site-packages\drf_spectacular\openapi.py", line 1020, in _map_basic_serializer
    for field in serializer.fields.values():
                 ^^^^^^^^^^^^^^^^^
  File "C:\Users\legion\Desktop\compliancehub\backend\venv\Lib\site-packages\django\utils\functional.py", line 57, in __get__
    res = instance.__dict__[self.name] = self.func(instance)
                                         ^^^^^^^^^^^^^^^^^^^
  File "C:\Users\legion\Desktop\compliancehub\backend\venv\Lib\site-packages\rest_framework\serializers.py", line 356, in fields
    for key, value in self.get_fields().items():
                      ^^^^^^^^^^^^^^^^^
  File "C:\Users\legion\Desktop\compliancehub\backend\venv\Lib\site-packages\rest_framework\serializers.py", line 1052, in get_fields
    field_names = self.get_field_names(declared_fields, info)
                  ^^^^^^^^^^^^^^^^^^^^^^^^^^^^^^^^^^^^^^^^^^^
  File "C:\Users\legion\Desktop\compliancehub\backend\venv\Lib\site-packages\rest_framework\serializers.py", line 1148, in get_field_names
    assert field_name in fields, (
AssertionError: The field 'is_certification_expired' was declared on serializer RiskMatrixSerializer, but has not been included in the 'fields' option.
INFO 2026-02-16 19:57:22,438 middleware GET /api/schema/ - 500
ERROR 2026-02-16 19:57:22,440 basehttp "GET /api/schema/ HTTP/1.1" 500 196079
INFO 2026-02-16 19:58:55,274 autoreload C:\Users\legion\Desktop\compliancehub\backend\risk\serializers.py changed, reloading.
INFO 2026-02-16 19:58:56,191 autoreload Watching for file changes with StatReloader
INFO 2026-02-16 19:59:09,086 middleware GET /api/docs/ - 200
INFO 2026-02-16 19:59:09,087 basehttp "GET /api/docs/ HTTP/1.1" 200 4472
INFO 2026-02-16 19:59:09,822 middleware GET /api/schema/ - 200
INFO 2026-02-16 19:59:09,824 basehttp "GET /api/schema/ HTTP/1.1" 200 667273
WARNING 2026-02-16 19:59:23,326 log Not Found: /
WARNING 2026-02-16 19:59:23,327 basehttp "GET / HTTP/1.1" 404 3479
INFO 2026-02-16 19:59:47,802 middleware GET /api/schema - 404
INFO 2026-02-16 19:59:47,803 basehttp "GET /api/schema HTTP/1.1" 301 0
INFO 2026-02-16 19:59:48,580 middleware GET /api/schema/ - 200
INFO 2026-02-16 19:59:48,581 basehttp "GET /api/schema/ HTTP/1.1" 200 339119
INFO 2026-02-16 20:00:14,596 middleware GET /api/docs/ - 200
INFO 2026-02-16 20:00:14,597 basehttp "GET /api/docs/ HTTP/1.1" 200 4472
INFO 2026-02-16 20:00:15,061 middleware GET /api/schema/ - 200
INFO 2026-02-16 20:00:15,062 basehttp "GET /api/schema/ HTTP/1.1" 200 667273
WARNING 2026-02-16 20:00:46,583 log Not Found: /
WARNING 2026-02-16 20:00:46,583 basehttp "GET / HTTP/1.1" 404 3479
INFO 2026-02-16 20:00:58,483 middleware GET /api/redoc - 404
INFO 2026-02-16 20:00:58,484 basehttp "GET /api/redoc HTTP/1.1" 301 0
INFO 2026-02-16 20:00:58,571 middleware GET /api/redoc/ - 200
INFO 2026-02-16 20:00:58,573 basehttp "GET /api/redoc/ HTTP/1.1" 200 746
INFO 2026-02-16 20:00:59,714 middleware GET /api/schema/ - 200
INFO 2026-02-16 20:00:59,715 basehttp "GET /api/schema/ HTTP/1.1" 200 339119
WARNING 2026-02-16 20:01:33,592 log Not Found: /
WARNING 2026-02-16 20:01:33,593 basehttp "GET / HTTP/1.1" 404 3479
WARNING 2026-02-16 20:03:22,666 log Not Found: /
WARNING 2026-02-16 20:03:22,666 basehttp "GET / HTTP/1.1" 404 3479
WARNING 2026-02-16 20:03:29,059 log Not Found: /api
WARNING 2026-02-16 20:03:29,060 basehttp "GET /api HTTP/1.1" 404 3506
INFO 2026-02-16 20:03:34,709 middleware GET /api/docs/ - 200
INFO 2026-02-16 20:03:34,710 basehttp "GET /api/docs/ HTTP/1.1" 200 4472
INFO 2026-02-16 20:03:35,562 middleware GET /api/schema/ - 200
INFO 2026-02-16 20:03:35,562 basehttp "GET /api/schema/ HTTP/1.1" 200 667273
INFO 2026-02-17 12:33:12,691 autoreload Watching for file changes with StatReloader
WARNING 2026-02-17 12:33:16,966 log Not Found: /
WARNING 2026-02-17 12:33:16,967 basehttp "GET / HTTP/1.1" 404 3479
WARNING 2026-02-17 12:33:17,191 log Not Found: /favicon.ico
WARNING 2026-02-17 12:33:17,191 basehttp "GET /favicon.ico HTTP/1.1" 404 3530
INFO 2026-02-17 12:33:41,525 basehttp "OPTIONS /api/core/auth/token/ HTTP/1.1" 200 0
INFO 2026-02-17 12:33:42,161 middleware POST /api/core/auth/token/ - 401
WARNING 2026-02-17 12:33:42,162 log Unauthorized: /api/core/auth/token/
WARNING 2026-02-17 12:33:42,163 basehttp "POST /api/core/auth/token/ HTTP/1.1" 401 63
INFO 2026-02-17 12:34:01,984 middleware POST /api/core/auth/token/ - 401
WARNING 2026-02-17 12:34:01,985 log Unauthorized: /api/core/auth/token/
INFO 2026-02-17 18:08:16,965 autoreload Watching for file changes with StatReloader
INFO 2026-02-18 14:47:43,945 autoreload Watching for file changes with StatReloader
WARNING 2026-02-18 14:47:54,954 log Not Found: /
WARNING 2026-02-18 14:47:54,963 basehttp "GET / HTTP/1.1" 404 3479
WARNING 2026-02-18 14:47:55,086 log Not Found: /favicon.ico
WARNING 2026-02-18 14:47:55,086 basehttp "GET /favicon.ico HTTP/1.1" 404 3530
INFO 2026-02-18 14:48:04,860 basehttp "GET /admin HTTP/1.1" 301 0
INFO 2026-02-18 14:48:05,180 basehttp "GET /admin/ HTTP/1.1" 302 0
INFO 2026-02-18 14:48:05,284 basehttp "GET /admin/login/?next=/admin/ HTTP/1.1" 200 4183
INFO 2026-02-18 14:48:05,994 basehttp "GET /static/admin/css/base.css HTTP/1.1" 200 21310
INFO 2026-02-18 14:48:06,011 basehttp "GET /static/admin/js/nav_sidebar.js HTTP/1.1" 200 3063
INFO 2026-02-18 14:48:06,015 basehttp "GET /static/admin/css/dark_mode.css HTTP/1.1" 200 2929
INFO 2026-02-18 14:48:06,025 basehttp "GET /static/admin/css/login.css HTTP/1.1" 200 958
INFO 2026-02-18 14:48:06,031 basehttp "GET /static/admin/css/responsive.css HTTP/1.1" 200 18559
INFO 2026-02-18 14:48:06,031 basehttp "GET /static/admin/css/nav_sidebar.css HTTP/1.1" 200 2694
INFO 2026-02-18 14:48:06,038 basehttp "GET /static/admin/js/theme.js HTTP/1.1" 200 1943
INFO 2026-02-18 14:50:02,272 autoreload Watching for file changes with StatReloader
INFO 2026-02-18 14:50:25,034 basehttp "GET /admin/login/?next=/admin/ HTTP/1.1" 200 4183
INFO 2026-02-18 14:50:27,593 basehttp "GET /admin/login/?next=/admin/ HTTP/1.1" 200 4183
INFO 2026-02-18 14:51:00,171 basehttp "POST /admin/login/?next=/admin/ HTTP/1.1" 302 0
INFO 2026-02-18 14:51:00,232 basehttp "GET /admin/ HTTP/1.1" 200 13957
INFO 2026-02-18 14:51:00,543 basehttp "GET /static/admin/css/dashboard.css HTTP/1.1" 200 441
INFO 2026-02-18 14:51:00,553 basehttp "GET /static/admin/img/icon-changelink.svg HTTP/1.1" 200 380
INFO 2026-02-18 14:51:00,569 basehttp "GET /static/admin/img/icon-addlink.svg HTTP/1.1" 200 331
INFO 2026-02-18 14:51:18,150 basehttp "GET /admin/compliance/frameworkadoption/ HTTP/1.1" 200 14511
INFO 2026-02-18 14:51:18,184 basehttp "GET /static/admin/css/changelists.css HTTP/1.1" 200 6566
INFO 2026-02-18 14:51:18,212 basehttp "GET /static/admin/js/jquery.init.js HTTP/1.1" 200 347
INFO 2026-02-18 14:51:18,213 basehttp "GET /admin/jsi18n/ HTTP/1.1" 200 3343
INFO 2026-02-18 14:51:18,221 basehttp "GET /static/admin/js/core.js HTTP/1.1" 200 5682
INFO 2026-02-18 14:51:18,221 basehttp "GET /static/admin/js/actions.js HTTP/1.1" 200 7872
INFO 2026-02-18 14:51:18,226 basehttp "GET /static/admin/js/admin/RelatedObjectLookups.js HTTP/1.1" 200 8943
INFO 2026-02-18 14:51:18,230 basehttp "GET /static/admin/js/urlify.js HTTP/1.1" 200 7887
INFO 2026-02-18 14:51:18,232 basehttp "GET /static/admin/js/prepopulate.js HTTP/1.1" 200 1531
INFO 2026-02-18 14:51:18,237 basehttp "GET /static/admin/img/search.svg HTTP/1.1" 200 458
INFO 2026-02-18 14:51:18,242 basehttp "GET /static/admin/js/vendor/xregexp/xregexp.js HTTP/1.1" 200 232381
INFO 2026-02-18 14:51:18,243 basehttp "GET /static/admin/js/vendor/jquery/jquery.js HTTP/1.1" 200 292458
INFO 2026-02-18 14:51:18,252 basehttp "GET /static/admin/js/filters.js HTTP/1.1" 200 978
INFO 2026-02-18 14:51:18,287 basehttp "GET /static/admin/img/tooltag-add.svg HTTP/1.1" 200 331
INFO 2026-02-18 14:51:26,873 basehttp "GET /admin/ HTTP/1.1" 200 13957
INFO 2026-02-18 14:51:30,235 basehttp "GET /admin/compliance/compliancegap/ HTTP/1.1" 200 15103
INFO 2026-02-18 14:51:30,303 basehttp "GET /admin/jsi18n/ HTTP/1.1" 200 3343
INFO 2026-02-18 14:51:33,704 basehttp "GET /admin/compliance/compliancegap/add/ HTTP/1.1" 200 26065
INFO 2026-02-18 14:51:33,734 basehttp "GET /static/admin/css/forms.css HTTP/1.1" 200 9090
INFO 2026-02-18 14:51:33,759 basehttp "GET /static/admin/js/prepopulate_init.js HTTP/1.1" 200 586
INFO 2026-02-18 14:51:33,759 basehttp "GET /admin/jsi18n/ HTTP/1.1" 200 3343
INFO 2026-02-18 14:51:33,761 basehttp "GET /static/admin/js/admin/DateTimeShortcuts.js HTTP/1.1" 200 19319
INFO 2026-02-18 14:51:33,762 basehttp "GET /static/admin/js/calendar.js HTTP/1.1" 200 8466
INFO 2026-02-18 14:51:33,765 basehttp "GET /static/admin/css/widgets.css HTTP/1.1" 200 11921
INFO 2026-02-18 14:51:33,778 basehttp "GET /static/admin/js/change_form.js HTTP/1.1" 200 606
INFO 2026-02-18 14:51:33,852 basehttp "GET /static/admin/img/icon-clock.svg HTTP/1.1" 200 677
INFO 2026-02-18 14:51:33,853 basehttp "GET /static/admin/img/icon-calendar.svg HTTP/1.1" 200 1086
WARNING 2026-02-18 14:52:04,621 log Not Found: /
WARNING 2026-02-18 14:52:04,623 basehttp "GET / HTTP/1.1" 404 3479
INFO 2026-02-18 14:52:18,356 middleware GET /api/docs - 404
INFO 2026-02-18 14:52:18,360 basehttp "GET /api/docs HTTP/1.1" 301 0
INFO 2026-02-18 14:52:18,376 middleware GET /api/docs/ - 200
INFO 2026-02-18 14:52:18,377 basehttp "GET /api/docs/ HTTP/1.1" 200 4472
INFO 2026-02-18 14:52:20,453 middleware GET /api/schema/ - 200
INFO 2026-02-18 14:52:20,457 basehttp "GET /api/schema/ HTTP/1.1" 200 667273
INFO 2026-02-18 15:00:27,733 basehttp "OPTIONS /api/core/auth/token/ HTTP/1.1" 200 0
INFO 2026-02-18 15:00:29,052 middleware POST /api/core/auth/token/ - 200
INFO 2026-02-18 15:00:29,054 basehttp "POST /api/core/auth/token/ HTTP/1.1" 200 597
INFO 2026-02-18 15:00:29,061 middleware GET /api/core/users/me/ - 401
WARNING 2026-02-18 15:00:29,062 log Unauthorized: /api/core/users/me/
WARNING 2026-02-18 15:00:29,064 basehttp "GET /api/core/users/me/ HTTP/1.1" 401 58
INFO 2026-02-18 15:00:36,796 middleware POST /api/core/auth/token/ - 200
INFO 2026-02-18 15:00:36,798 basehttp "POST /api/core/auth/token/ HTTP/1.1" 200 597
INFO 2026-02-18 15:00:36,804 middleware GET /api/core/users/me/ - 401
WARNING 2026-02-18 15:00:36,804 log Unauthorized: /api/core/users/me/
WARNING 2026-02-18 15:00:36,808 basehttp "GET /api/core/users/me/ HTTP/1.1" 401 58
INFO 2026-02-18 15:00:41,445 middleware POST /api/core/auth/token/ - 200
INFO 2026-02-18 15:00:41,445 basehttp "POST /api/core/auth/token/ HTTP/1.1" 200 597
INFO 2026-02-18 15:00:41,462 middleware GET /api/core/users/me/ - 401
WARNING 2026-02-18 15:00:41,465 log Unauthorized: /api/core/users/me/
WARNING 2026-02-18 15:00:41,468 basehttp "GET /api/core/users/me/ HTTP/1.1" 401 58
INFO 2026-02-18 15:00:53,736 middleware POST /api/core/auth/token/ - 200
INFO 2026-02-18 15:00:53,747 basehttp "POST /api/core/auth/token/ HTTP/1.1" 200 597
INFO 2026-02-18 15:00:53,757 middleware GET /api/core/users/me/ - 401
WARNING 2026-02-18 15:00:53,757 log Unauthorized: /api/core/users/me/
WARNING 2026-02-18 15:00:53,757 basehttp "GET /api/core/users/me/ HTTP/1.1" 401 58
INFO 2026-02-18 15:02:10,449 middleware POST /api/core/auth/token/ - 200
INFO 2026-02-18 15:02:10,453 basehttp "POST /api/core/auth/token/ HTTP/1.1" 200 597
INFO 2026-02-18 15:02:10,461 middleware GET /api/core/users/me/ - 401
WARNING 2026-02-18 15:02:10,461 log Unauthorized: /api/core/users/me/
WARNING 2026-02-18 15:02:10,461 basehttp "GET /api/core/users/me/ HTTP/1.1" 401 58
INFO 2026-02-18 15:02:21,022 middleware POST /api/core/auth/token/ - 200
INFO 2026-02-18 15:02:21,024 basehttp "POST /api/core/auth/token/ HTTP/1.1" 200 597
INFO 2026-02-18 15:02:21,028 middleware GET /api/core/users/me/ - 401
WARNING 2026-02-18 15:02:21,031 log Unauthorized: /api/core/users/me/
WARNING 2026-02-18 15:02:21,033 basehttp "GET /api/core/users/me/ HTTP/1.1" 401 58
INFO 2026-02-18 15:02:40,232 basehttp "GET /admin/auth/group/ HTTP/1.1" 200 13400
INFO 2026-02-18 15:02:40,278 basehttp "GET /admin/jsi18n/ HTTP/1.1" 200 3343
INFO 2026-02-18 15:03:59,752 middleware POST /api/core/auth/token/ - 200
INFO 2026-02-18 15:03:59,756 basehttp "POST /api/core/auth/token/ HTTP/1.1" 200 597
INFO 2026-02-18 15:03:59,765 middleware GET /api/core/users/me/ - 401
WARNING 2026-02-18 15:03:59,765 log Unauthorized: /api/core/users/me/
WARNING 2026-02-18 15:03:59,769 basehttp "GET /api/core/users/me/ HTTP/1.1" 401 58
WARNING 2026-02-18 15:04:22,704 log Not Found: /
WARNING 2026-02-18 15:04:22,705 basehttp "GET / HTTP/1.1" 404 3479
INFO 2026-02-18 15:04:29,422 basehttp "GET /admin/ HTTP/1.1" 200 13957
INFO 2026-02-18 15:04:43,757 basehttp "GET /admin HTTP/1.1" 301 0
INFO 2026-02-18 15:04:43,849 basehttp "GET /admin/ HTTP/1.1" 302 0
INFO 2026-02-18 15:04:43,865 basehttp "GET /admin/login/?next=/admin/ HTTP/1.1" 200 4183
INFO 2026-02-18 15:04:43,911 basehttp "GET /static/admin/css/base.css HTTP/1.1" 200 21310
INFO 2026-02-18 15:04:43,931 basehttp "GET /static/admin/css/dark_mode.css HTTP/1.1" 200 2929
INFO 2026-02-18 15:04:43,937 basehttp "GET /static/admin/css/nav_sidebar.css HTTP/1.1" 200 2694
INFO 2026-02-18 15:04:43,943 basehttp "GET /static/admin/css/login.css HTTP/1.1" 200 958
INFO 2026-02-18 15:04:43,945 basehttp "GET /static/admin/js/theme.js HTTP/1.1" 200 1943
INFO 2026-02-18 15:04:43,946 basehttp "GET /static/admin/css/responsive.css HTTP/1.1" 200 18559
INFO 2026-02-18 15:04:43,951 basehttp "GET /static/admin/js/nav_sidebar.js HTTP/1.1" 200 3063
WARNING 2026-02-18 15:04:44,026 log Not Found: /favicon.ico
WARNING 2026-02-18 15:04:44,028 basehttp "GET /favicon.ico HTTP/1.1" 404 3530
INFO 2026-02-18 15:04:46,691 basehttp "GET /static/admin/js/theme.js HTTP/1.1" 200 1943
INFO 2026-02-18 15:04:46,691 basehttp "GET /static/admin/js/nav_sidebar.js HTTP/1.1" 200 3063
INFO 2026-02-18 15:05:03,530 basehttp "POST /admin/login/?next=/admin/ HTTP/1.1" 302 0
INFO 2026-02-18 15:05:03,581 basehttp "GET /admin/ HTTP/1.1" 200 13957
INFO 2026-02-18 15:05:03,623 basehttp "GET /static/admin/css/dashboard.css HTTP/1.1" 200 441
INFO 2026-02-18 15:05:03,628 basehttp "GET /static/admin/img/icon-addlink.svg HTTP/1.1" 200 331
INFO 2026-02-18 15:05:03,637 basehttp "GET /static/admin/img/icon-changelink.svg HTTP/1.1" 200 380
INFO 2026-02-18 15:05:28,755 middleware POST /api/core/auth/token/ - 200
INFO 2026-02-18 15:05:28,760 basehttp "POST /api/core/auth/token/ HTTP/1.1" 200 597
INFO 2026-02-18 15:05:28,767 middleware GET /api/core/users/me/ - 401
WARNING 2026-02-18 15:05:28,767 log Unauthorized: /api/core/users/me/
WARNING 2026-02-18 15:05:28,767 basehttp "GET /api/core/users/me/ HTTP/1.1" 401 58
INFO 2026-02-18 15:05:52,845 middleware POST /api/core/auth/token/ - 200
INFO 2026-02-18 15:05:52,847 basehttp "POST /api/core/auth/token/ HTTP/1.1" 200 597
INFO 2026-02-18 15:05:52,855 middleware GET /api/core/users/me/ - 401
WARNING 2026-02-18 15:05:52,856 log Unauthorized: /api/core/users/me/
WARNING 2026-02-18 15:05:52,858 basehttp "GET /api/core/users/me/ HTTP/1.1" 401 58
INFO 2026-02-18 15:05:56,068 middleware POST /api/core/auth/token/ - 200
INFO 2026-02-18 15:05:56,069 basehttp "POST /api/core/auth/token/ HTTP/1.1" 200 597
INFO 2026-02-18 15:05:56,077 middleware GET /api/core/users/me/ - 401
WARNING 2026-02-18 15:05:56,077 log Unauthorized: /api/core/users/me/
WARNING 2026-02-18 15:05:56,081 basehttp "GET /api/core/users/me/ HTTP/1.1" 401 58
INFO 2026-02-18 15:06:02,227 middleware POST /api/core/auth/token/ - 200
INFO 2026-02-18 15:06:02,232 basehttp "POST /api/core/auth/token/ HTTP/1.1" 200 597
INFO 2026-02-18 15:06:02,238 middleware GET /api/core/users/me/ - 401
WARNING 2026-02-18 15:06:02,238 log Unauthorized: /api/core/users/me/
WARNING 2026-02-18 15:06:02,242 basehttp "GET /api/core/users/me/ HTTP/1.1" 401 58
INFO 2026-02-18 15:06:28,246 middleware POST /api/core/auth/token/ - 200
INFO 2026-02-18 15:06:28,248 basehttp "POST /api/core/auth/token/ HTTP/1.1" 200 597
INFO 2026-02-18 15:06:28,273 middleware GET /api/core/users/me/ - 401
WARNING 2026-02-18 15:06:28,280 log Unauthorized: /api/core/users/me/
WARNING 2026-02-18 15:06:28,296 basehttp "GET /api/core/users/me/ HTTP/1.1" 401 58
WARNING 2026-02-18 15:07:59,014 log Bad Request: /api/compliance/adoptions/
WARNING 2026-02-18 15:07:59,019 basehttp "GET /api/compliance/adoptions/ HTTP/1.1" 400 42
INFO 2026-02-18 15:11:04,773 middleware GET /api/ - 404
WARNING 2026-02-18 15:11:04,775 log Not Found: /api/
WARNING 2026-02-18 15:11:04,776 basehttp "GET /api/ HTTP/1.1" 404 3509
INFO 2026-02-18 15:11:29,559 basehttp "GET /admin/compliance/compliancegap/ HTTP/1.1" 200 15103
INFO 2026-02-18 15:11:29,600 basehttp "GET /admin/jsi18n/ HTTP/1.1" 200 3343
INFO 2026-02-18 15:11:32,035 basehttp "GET /admin/compliance/compliancegap/add/ HTTP/1.1" 200 26065
INFO 2026-02-18 15:11:32,078 basehttp "GET /admin/jsi18n/ HTTP/1.1" 200 3343
INFO 2026-02-18 15:11:48,271 basehttp "GET /admin/compliance/compliancereport/ HTTP/1.1" 200 15246
INFO 2026-02-18 15:11:48,305 basehttp "GET /admin/jsi18n/ HTTP/1.1" 200 3343
INFO 2026-02-18 15:11:50,634 basehttp "GET /admin/compliance/complianceresult/ HTTP/1.1" 200 15122
INFO 2026-02-18 15:11:50,679 basehttp "GET /admin/jsi18n/ HTTP/1.1" 200 3343
INFO 2026-02-18 15:11:58,021 basehttp "GET /admin/library/framework/add/ HTTP/1.1" 200 25796
INFO 2026-02-18 15:11:58,059 basehttp "GET /admin/jsi18n/ HTTP/1.1" 200 3343
INFO 2026-02-18 15:11:58,059 basehttp "GET /static/admin/img/icon-viewlink.svg HTTP/1.1" 200 581
INFO 2026-02-18 15:22:11,246 middleware POST /api/core/auth/token/ - 200
INFO 2026-02-18 15:22:11,249 basehttp "POST /api/core/auth/token/ HTTP/1.1" 200 597
INFO 2026-02-18 15:22:11,264 middleware GET /api/core/users/me/ - 401
WARNING 2026-02-18 15:22:11,266 log Unauthorized: /api/core/users/me/
WARNING 2026-02-18 15:22:11,269 basehttp "GET /api/core/users/me/ HTTP/1.1" 401 58
INFO 2026-02-18 15:22:13,815 middleware POST /api/core/auth/token/ - 200
INFO 2026-02-18 15:22:13,818 basehttp "POST /api/core/auth/token/ HTTP/1.1" 200 597
INFO 2026-02-18 15:22:13,830 middleware GET /api/core/users/me/ - 401
WARNING 2026-02-18 15:22:13,836 log Unauthorized: /api/core/users/me/
WARNING 2026-02-18 15:22:13,842 basehttp "GET /api/core/users/me/ HTTP/1.1" 401 58
INFO 2026-02-18 15:25:06,930 middleware GET /api/docs/ - 200
INFO 2026-02-18 15:25:06,931 basehttp "GET /api/docs/ HTTP/1.1" 200 4472
INFO 2026-02-18 15:25:08,437 middleware GET /api/schema/ - 200
INFO 2026-02-18 15:25:08,439 basehttp "GET /api/schema/ HTTP/1.1" 200 667273
INFO 2026-02-18 15:26:06,130 middleware POST /api/core/auth/token/ - 200
INFO 2026-02-18 15:26:06,130 basehttp "POST /api/core/auth/token/ HTTP/1.1" 200 597
INFO 2026-02-18 15:26:06,142 middleware GET /api/core/users/me/ - 401
WARNING 2026-02-18 15:26:06,144 log Unauthorized: /api/core/users/me/
WARNING 2026-02-18 15:26:06,145 basehttp "GET /api/core/users/me/ HTTP/1.1" 401 58
INFO 2026-02-18 15:26:09,065 middleware POST /api/core/auth/token/ - 200
INFO 2026-02-18 15:26:09,067 basehttp "POST /api/core/auth/token/ HTTP/1.1" 200 597
INFO 2026-02-18 15:26:09,077 middleware GET /api/core/users/me/ - 401
WARNING 2026-02-18 15:26:09,078 log Unauthorized: /api/core/users/me/
WARNING 2026-02-18 15:26:09,082 basehttp "GET /api/core/users/me/ HTTP/1.1" 401 58
INFO 2026-02-18 15:26:21,802 middleware POST /api/core/auth/token/ - 200
INFO 2026-02-18 15:26:21,806 basehttp "POST /api/core/auth/token/ HTTP/1.1" 200 597
INFO 2026-02-18 15:26:21,819 middleware GET /api/core/users/me/ - 401
WARNING 2026-02-18 15:26:21,821 log Unauthorized: /api/core/users/me/
WARNING 2026-02-18 15:26:21,827 basehttp "GET /api/core/users/me/ HTTP/1.1" 401 58
